IN9002A01024,RELIANCE INDUSTRIES LIMITED EQ PP RS. 2.50/-,RELIANCE INDUSTRIES LIMITED,EQUITY SHARES,SUSPENDED
IN9002A01032,RELIANCE INDUSTRIES LIMITED EQ NEW PP RS. 5/-,RELIANCE INDUSTRIES LIMITED,EQUITY SHARES,SUSPENDED
IN9002B01014,SOFTSOL INDIA LIMITED PP PRODIV 310500,SOFTSOL INDIA LIMITED,EQUITY SHARES,BLOCKED DUE TO ACA
IN9003S01016,RENEW POWER VENTURES PRIVATE LIMITED EQ PP RS. 2.50/-,RENEW POWER PRIVATE LIMITED,EQUITY SHARES,DELETED
IN9004O01013,HINDUJA RENEWABLES ENERGY PRIVATE LIMITED EQ PP FV RS.5/-,HINDUJA RENEWABLES ENERGY PRIVATE LIMITED,EQUITY SHARES,DELETED
IN9004O01021,HINDUJA RENEWABLES ENERGY PRIVATE LIMITED EQ PP FV RS.6.25/-,HINDUJA RENEWABLES ENERGY PRIVATE LIMITED,EQUITY SHARES,DELETED
IN9004O01039,HINDUJA RENEWABLES ENERGY PRIVATE LIMITED EQ PP FV RS.7.75/-,HINDUJA RENEWABLES ENERGY PRIVATE LIMITED,EQUITY SHARES,DELETED
IN9005A01027,ICICI LIMITED PP PRODIV 011099,ICICI LIMITED,EQUITY SHARES,BLOCKED DUE TO ACA
IN9005K01018,MARKETOPPER SECURITIES PVT. LTD. EQ NEW PP RE. 1/-,MARKETOPPER SECURITIES PVT. LTD.,EQUITY SHARES,ACTIVE
IN9007N03014,FEDBANK FINANCIAL SERVICES LTD 0.01% PP PREF 31DC25,FEDBANK FINANCIAL SERVICES LTD,PREFERENCE SHARES,DELETED
IN900B901019,STEEL INFRA SOLUTIONS PRIVATE LIMITED EQ PP RS 2.5/-,STEEL INFRA SOLUTIONS PRIVATE LIMITED,EQUITY SHARES,ACTIVE
IN900C601014,SHRACHI BURDWAN DEVELOPERS PRIVATE LIMITED EQ CLASS A PP RE.1/-,SHRACHI BURDWAN DEVELOPERS PRIVATE LIMITED,EQUITY SHARES,ACTIVE
IN900GO03012,LEAP INDIA PRIVATE LIMITED 0.0001% SERIES A PARTLY PAID PREF 27FB42,LEAP INDIA PRIVATE LIMITED,PREFERENCE SHARES,ACTIVE
IN900GO03020,LEAP INDIA PRIVATE LIMITED 0.0001% SERIES B PARTLY PAID PREF 27FB42,LEAP INDIA PRIVATE LIMITED,PREFERENCE SHARES,ACTIVE
IN900GO03038,LEAP INDIA PRIVATE LIMITED 0.0001% SERIES C PARTLY PAID PREF 27FB42,LEAP INDIA PRIVATE LIMITED,PREFERENCE SHARES,ACTIVE
IN900IT03017,MILKY MIST DAIRY FOOD PRIVATE LIMITED 0.01% PARTLY PAID PREF 09AG23,MILKY MIST DAIRY FOOD PRIVATE LIMITED,PREFERENCE SHARES,ACTIVE
IN900LT01015,KONKAN LNG  LIMITED EQ NEW PP RS.5.50,KONKAN LNG  LIMITED,EQUITY SHARES,DELETED
IN9011J01018,QAI (INDIA) LIMITED EQ PP 2.50/-,QAI (INDIA) LIMITED,EQUITY SHARES,ACTIVE
IN9013P01037,STELIS BIOPHARMA  LIMITED EQ PP RE.0.05/-,STELIS BIOPHARMA  LIMITED,EQUITY SHARES,ACTIVE
IN901AX01018,EDITORJI TECHNOLOGIES PRIVATE LIMITED EQ PP RE. 0.50/-,EDITORJI TECHNOLOGIES PRIVATE LIMITED,EQUITY SHARES,DELETED
IN901BD01018,INFIGO LIFESCIENCES PRIVATE LIMITED EQ PP RE. 0.75/-,INFIGO LIFESCIENCES PRIVATE LIMITED,EQUITY SHARES,ACTIVE
IN901BD01026,INFIGO LIFESCIENCES PRIVATE LIMITED EQ PP RE. 1/-,INFIGO LIFESCIENCES PRIVATE LIMITED,EQUITY SHARES,ACTIVE
IN901EA01018,VISHAL MEGA MART PRIVATE LIMITED EQ PP RS 7.5/-,VISHAL MEGA MART PRIVATE LIMITED,EQUITY SHARES,DELETED
IN901HV01017,VIVRITI CAPITAL PRIVATE LIMITED EQ PP RS. 2.5/-,VIVRITI CAPITAL PRIVATE LIMITED,EQUITY SHARES,DELETED
IN901HV03013,VIVRITI CAPITAL PRIVATE LIMITED SERIES A PARTLY PAID PREF 17MR40,VIVRITI CAPITAL PRIVATE LIMITED,PREFERENCE SHARES,ACTIVE
IN901NJ03016,WINGREENS FARMS PRIVATE LIMITED 0.001% SERIES B1 PARTLY PAID PREF 23MR41,WINGREENS FARMS PRIVATE LIMITED,PREFERENCE SHARES,ACTIVE
IN901NJ03024,WINGREENS FARMS PRIVATE LIMITED 0.001% SERIES B1 LENDER PP PREF 16AP41,WINGREENS FARMS PRIVATE LIMITED,PREFERENCE SHARES,ACTIVE
IN901WI01013,INCRED CAPITAL FINANCIAL SERVICES PRIVATE LIMITED EQ PP RS. 6/-,INCRED CAPITAL FINANCIAL SERVICES PRIVATE LIMITED,EQUITY SHARES,DELETED
IN901YG01013,GREEN MALABAR FINANCE VENTURES LIMITED EQ PP RE.1/-,GREEN MALABAR FINANCE VENTURES LIMITED,EQUITY SHARES,ACTIVE
IN901YG01021,GREEN MALABAR FINANCE VENTURES LIMITED EQ PP RE.0.10/-,GREEN MALABAR FINANCE VENTURES LIMITED,EQUITY SHARES,ACTIVE
IN9020201012,CG POWER EQUIPMENTS LIMITED EQ PP RE.0.20,CG POWER EQUIPMENTS LIMITED,EQUITY SHARES,ACTIVE
IN9022N01017,ATLAS JEWELLERY INDIA LIMITED EQ PP RS. 5/-,ATLAS JEWELLERY INDIA LIMITED,EQUITY SHARES,ACTIVE
IN9023501012,ENVISION SCIENTIFIC PRIVATE LIMITED EQ PP RS 3,ENVISION SCIENTIFIC PRIVATE LIMITED,EQUITY SHARES,DELETED
IN9026L01012,TILAK VENTURES LIMITED EQ NEW PP RE.0.50/-,TILAK VENTURES LIMITED,EQUITY SHARES,ACTIVE
IN902DC01014,APAC FINANCIAL SERVICES PRIVATE LIMITED EQ PP RE 1/-,APAC FINANCIAL SERVICES PRIVATE LIMITED,EQUITY SHARES,ACTIVE
IN902DI01011,VAYA FINSERV PRIVATE LIMITED EQ PP RE.1/-,VAYA FINSERV PRIVATE LIMITED,EQUITY SHARES,ACTIVE
IN902H201016,QWIKCILVER SOLUTIONS PRIVATE LIMITED EQ PP RE. 1/-,QWIKCILVER SOLUTIONS PRIVATE LIMITED,EQUITY SHARES,ACTIVE
IN902L001014,KLASS PACK LIMITED EQ PP RS 25/-,KLASS PACK LIMITED,EQUITY SHARES,DELETED
IN902L001022,KLASS PACK LIMITED EQ PP RS 75/-,KLASS PACK LIMITED,EQUITY SHARES,DELETED
IN902S301011,BOROSIL TECHNOLOGIES LIMITED EQ PP RS. 5/-,BOROSIL TECHNOLOGIES LIMITED,EQUITY SHARES,DELETED
IN902VP01018,IKF HOME FINANCE LIMITED EQ PP RS.5/-,IKF HOME FINANCE LIMITED,EQUITY SHARES,ACTIVE
IN902X201016,FLIPKART HEALTH LIMITED EQ PP RS.5/-,FLIPKART HEALTH LIMITED,EQUITY SHARES,ACTIVE
IN902X201024,FLIPKART HEALTH LIMITED EQ PP RS.7.50/-,FLIPKART HEALTH LIMITED,EQUITY SHARES,ACTIVE
IN902X201032,FLIPKART HEALTH LIMITED EQ PP RS.2.50/-,FLIPKART HEALTH LIMITED,EQUITY SHARES,ACTIVE
IN902XD01010,HINDUSTAN APPLIANCES LIMITED EQ PP RS. 2.50/-,HINDUSTAN APPLIANCES LIMITED,EQUITY SHARES,ACTIVE
IN902ZT01011,GENU PATH LABS LIMITED EQ PP RS. 2.50/-,GENU PATH LABS LIMITED,EQUITY SHARES,ACTIVE
IN902ZT01029,GENU PATH LABS LIMITED EQ PP RS.5/-,GENU PATH LABS LIMITED,EQUITY SHARES,ACTIVE
IN902ZT01037,GENU PATH LABS LIMITED EQ PP RS. 7.50/-,GENU PATH LABS LIMITED,EQUITY SHARES,ACTIVE
IN9032B01011,PRIME SECURITIES LIMITED PP PRODIV 140100,PRIME SECURITIES LIMITED,EQUITY SHARES,BLOCKED DUE TO ACA
IN9035103013,SERVICE LEE TECHNOLOGIES PRIVATE LIMITED 0.01% SERIES B PP PREF 27JL38,SERVICE LEE TECHNOLOGIES PRIVATE LIMITED,PREFERENCE SHARES,ACTIVE
IN9036D01042,THE KARUR VYSYA BANK LIMITED PP RS.6/-,THE KARUR VYSYA BANK LIMITED,EQUITY SHARES,SUSPENDED
IN9037E01014,TATA TELESERVICES LIMITED EQ PP RS. 7.5/-,TATA TELESERVICES LIMITED,EQUITY SHARES,ACTIVE
IN9038A01010,HINDALCO INDUSTRIES LIMITED EQ PP RE.0.25/-,HINDALCO INDUSTRIES LIMITED,EQUITY SHARES,BLOCKED DUE TO ACA
IN9038A01028,HINDALCO INDUSTRIES LIMITED EQ NEW PP RS.0.50/-,HINDALCO INDUSTRIES LIMITED,EQUITY SHARES,BLOCKED DUE TO ACA
IN9039001015,STRIKE RIGHT INTEGRATED SERVICES LIMITED EQ PP RS 9.15,STRIKE RIGHT INTEGRATED SERVICES LIMITED,EQUITY SHARES,ACTIVE
IN9039B01040,CINEVISTA LIMITED PP PRODIV 240200,CINEVISTA LIMITED,EQUITY SHARES,ACTIVE
IN903AA01012,SCIKNOW TECHNO SOLUTIONS LIMITED EQ PP RS 2.50,SCIKNOW TECHNO SOLUTIONS LIMITED,EQUITY SHARES,DELETED
IN903AS01014,NATIONAL SPOT EXCHANGE LIMITED EQ PP RS 5/-,NATIONAL SPOT EXCHANGE LIMITED,EQUITY SHARES,DELETED
IN903AS01022,NATIONAL SPOT EXCHANGE LIMITED EQ NEW PP RS.5/-,NATIONAL SPOT EXCHANGE LIMITED,EQUITY SHARES,DELETED
IN903AS01030,NATIONAL SPOT EXCHANGE LIMITED EQ PP RS.5/-,NATIONAL SPOT EXCHANGE LIMITED,EQUITY SHARES,DELETED
IN903AS01048,NATIONAL SPOT EXCHANGE LIMITED EQ PP RS.5/-,NATIONAL SPOT EXCHANGE LIMITED,EQUITY SHARES,DELETED
IN903DZ01013,SANKHYASUTRA LABS  LIMITED EQ PP RE 0.90,SANKHYASUTRA LABS  LIMITED,EQUITY SHARES,ACTIVE
IN903GS01011,RUSSELL CREDIT LTD EQ PP RS 6.50,RUSSELL CREDIT LTD,EQUITY SHARES,DELETED
IN903J901018,SUSHRIPADA INVESTMENTS PRIVATE LIMITED EQ PP RS.10/-,SUSHRIPADA INVESTMENTS PRIVATE LIMITED,EQUITY SHARES,DELETED
IN903NT01015,SPRNG ENERGY PRIVATE LIMITED EQ NEW FV RS.4.175/-,SPRNG ENERGY PRIVATE LIMITED,EQUITY SHARES,DELETED
IN903NT01023,SPRNG ENERGY PRIVATE LIMITED EQ PP RS. 5.675/-,SPRNG ENERGY PRIVATE LIMITED,EQUITY SHARES,DELETED
IN903OS01015,GARWARE BESTRETCH LIMITED EQ PP RS 2,GARWARE BESTRETCH LIMITED,EQUITY SHARES,DELETED
IN903P401011,LSC INFRATECH LIMITED EQ PP RS.50/-,LSC INFRATECH LIMITED,EQUITY SHARES,ACTIVE
IN903SW03014,DCG TECH LIMITED 0.001% PARTLY PAID PREF 01MR42,DCG TECH LIMITED,PREFERENCE SHARES,ACTIVE
IN903UJ01011,KALYANI STRATEGIC SYSTEMS LIMITED EQ PP RS.5,KALYANI STRATEGIC SYSTEMS LIMITED,EQUITY SHARES,ACTIVE
IN903VP01016,RAIPUR HANDLING AND INFRASTRUCTURE PRIVATE LIMITED EQ PP RS.2.5/-,RAIPUR HANDLING AND INFRASTRUCTURE PRIVATE LIMITED,EQUITY SHARES,DELETED
IN903VP01024,RAIPUR HANDLING AND INFRASTRUCTURE PRIVATE LIMITED EQ PP RS 4.50/-,RAIPUR HANDLING AND INFRASTRUCTURE PRIVATE LIMITED,EQUITY SHARES,DELETED
IN903VP01032,RAIPUR HANDLING AND INFRASTRUCTURE PRIVATE LIMITED EQ PP RS 7.5,RAIPUR HANDLING AND INFRASTRUCTURE PRIVATE LIMITED,EQUITY SHARES,DELETED
IN903VP01040,RAIPUR HANDLING AND INFRASTRUCTURE PRIVATE LIMITED EQ PP RS.8.75/-,RAIPUR HANDLING AND INFRASTRUCTURE PRIVATE LIMITED,EQUITY SHARES,DELETED
IN903VP01057,RAIPUR HANDLING AND INFRASTRUCTURE PRIVATE LIMITED EQ PP RS. 4/-,RAIPUR HANDLING AND INFRASTRUCTURE PRIVATE LIMITED,EQUITY SHARES,DELETED
IN903VP01065,RAIPUR HANDLING AND INFRASTRUCTURE PRIVATE LIMITED EQ PP FV RS.8/-,RAIPUR HANDLING AND INFRASTRUCTURE PRIVATE LIMITED,EQUITY SHARES,DELETED
IN903VU01016,GLOBAL PAYEX PRIVATE LIMITED EQ PP RS 6.25,GLOBAL PAYEX PRIVATE LIMITED,EQUITY SHARES,DELETED
IN903W101018,ARKA FINCAP LIMITED EQ PP RS.3,ARKA FINCAP LIMITED,EQUITY SHARES,DELETED
IN903W101026,ARKA FINCAP LIMITED EQ PP RS. 6/-,ARKA FINCAP LIMITED,EQUITY SHARES,DELETED
IN9041A01014,DHAMPUR SUGAR MILLS LIMITED CPN RS 35 PAIDUP,DHAMPUR SUGAR MILLS LIMITED,EQUITY SHARES,ACTIVE
IN9041A01022,DHAMPUR SUGAR MILLS LIMITED EQ PP RS. 5/-,DHAMPUR SUGAR MILLS LIMITED,EQUITY SHARES,ACTIVE
IN9044O01019,KOOTOL SOFTWARE LIMITED EQ PP RE.0.10/-,KOOTOL SOFTWARE LIMITED,EQUITY SHARES,ACTIVE
IN9048G01016,NAVIN FLUORINE INTERNATIONAL LTD EQ PP RS.5,NAVIN FLUORINE INTERNATIONAL LTD,EQUITY SHARES,DELETED
IN9048G01024,NAVIN FLUORINE INTERNATIONAL LTD EQ NEW PP RE.1/-,NAVIN FLUORINE INTERNATIONAL LTD,EQUITY SHARES,ACTIVE
IN904KT01019,RUPA RENAISSANCE LIMITED EQ PP RE. 1,RUPA RENAISSANCE LIMITED,EQUITY SHARES,ACTIVE
IN904SL01019,DIGIVATION DIGITAL SOLUTIONS PRIVATE LIMITED EQ PP RE 0.5,DIGIVATION DIGITAL SOLUTIONS PRIVATE LIMITED,EQUITY SHARES,ACTIVE
IN904TD01014,SHIGAN EVOLTZ LIMITED EQ PP RS 4,SHIGAN EVOLTZ LIMITED,EQUITY SHARES,ACTIVE
IN904V501019,KSHEMAVILASAM KURI COMPANY LTD EQ PP RS.1320 CLASS A,KSHEMAVILASAM KURI COMPANY LTD,EQUITY SHARES,ACTIVE
IN904V501027,KSHEMAVILASAM KURI COMPANY LTD EQ PP RS.25080 CLASS B,KSHEMAVILASAM KURI COMPANY LTD,EQUITY SHARES,ACTIVE
IN904X901019,MIRZA CHARITABLE HOSPITAL LIMITED EQ PP RS. 5,MIRZA CHARITABLE HOSPITAL LIMITED,EQUITY SHARES,ACTIVE
IN9052B01019,BEEYU OVERSEAS LIMITED EQ PP RS.5/-,BEEYU OVERSEAS LIMITED,EQUITY SHARES,ACTIVE
IN9052C01017,IKF TECHNOLOGIES LIMITED PP PRODIV 120301,IKF TECHNOLOGIES LIMITED,EQUITY SHARES,BLOCKED DUE TO ACA
IN9054U01015,STERLING URBAN INFRAPROJECTS PRIVATE LIMITED EQ PP RS. 4/-,PRESTIGE STERLING INFRAPROJECTS PRIVATE LIMITED,EQUITY SHARES,DELETED
IN9058T01018,SUPERMARKET GROCERY SUPPLIES PRIVATE LIMITED EQ PP RE.0.01/-,SUPERMARKET GROCERY SUPPLIES PRIVATE LIMITED,EQUITY SHARES,ACTIVE
IN905DI01014,ATC LIMITED EQ PP RS. 70,ATC LIMITED,EQUITY SHARES,ACTIVE
IN905IA03016,WORKCELL SOLUTIONS PRIVATE LIMITED 0.01% SERIES A1 PP PREF 20NV39,WORKCELL SOLUTIONS PRIVATE LIMITED,PREFERENCE SHARES,ACTIVE
IN905KX01018,GARWARE HOLDINGS LIMITED EQ PP RE 1/-,GARWARE HOLDINGS LIMITED,EQUITY SHARES,DELETED
IN905RU01019,J K TECHNOSOFT LIMITED EQ PP RS.2.50/-,J K TECHNOSOFT LIMITED,EQUITY SHARES,ACTIVE
IN905WR01015,SHAKAMBHARI ISPAT &amp; POWER LIMITED EQ PP RS.7.5/-,SHAKAMBHARI ISPAT &amp; POWER LIMITED,EQUITY SHARES,ACTIVE
IN9069601015,OILMAX ENERGY PRIVATE LIMITED EQ PP RS 9,OILMAX ENERGY PRIVATE LIMITED,EQUITY SHARES,ACTIVE
IN9069I01018,INDIABULLS REAL ESTATE LIMITED EQ PP RE.0.50 /-,INDIABULLS REAL ESTATE LIMITED,EQUITY SHARES,ACTIVE
IN9069I01026,INDIABULLS REAL ESTATE LIMITED EQ PP RE. 0.515/-,INDIABULLS REAL ESTATE LIMITED,EQUITY SHARES,ACTIVE
IN906CC01017,KSL MEDIA LIMITED EQ PP RS 50,KSL MEDIA LIMITED,EQUITY SHARES,DELETED
IN906D601017,BAJAJ LEASING AND FINANCE LIMITED EQ PP RS 5/-,BAJAJ LEASING AND FINANCE LIMITED,EQUITY SHARES,ACTIVE
IN906DN01012,TAMOHARA INVESTMENT MANAGERS PRIVATE LIMITED EQ PP RE .0.50/-,TAMOHARA INVESTMENT MANAGERS PRIVATE LIMITED,EQUITY SHARES,ACTIVE
IN906E503014,HELLA INFRA MARKET PRIVATE  LIMITED 0.01% SERIES A1 PARTLY PAID PREF 19JU39,HELLA INFRA MARKET PRIVATE  LIMITED,PREFERENCE SHARES,ACTIVE
IN906E503022,HELLA INFRA MARKET PRIVATE  LIMITED 0.01% SERIES A1 PARTLY PAID PREF 20JL39,HELLA INFRA MARKET PRIVATE  LIMITED,PREFERENCE SHARES,ACTIVE
IN906E503030,HELLA INFRA MARKET PRIVATE  LIMITED 0.01% SERIES A1 PARTLY PAID PREF 10SP39,HELLA INFRA MARKET PRIVATE  LIMITED,PREFERENCE SHARES,ACTIVE
IN906E503048,HELLA INFRA MARKET PRIVATE  LIMITED 0.01% SERIES A1 PARTLY PAID PREF 08SP39,HELLA INFRA MARKET PRIVATE  LIMITED,PREFERENCE SHARES,ACTIVE
IN906E503055,HELLA INFRA MARKET PRIVATE  LIMITED 0.01% SERIES B1 PARTLY PAID PREF 03JU40,HELLA INFRA MARKET PRIVATE  LIMITED,PREFERENCE SHARES,ACTIVE
IN906E503063,HELLA INFRA MARKET PRIVATE  LIMITED 0.01% SERIES C1 PARTLY PAID PREF 21JU40,HELLA INFRA MARKET PRIVATE  LIMITED,PREFERENCE SHARES,ACTIVE
IN906E503071,HELLA INFRA MARKET PRIVATE  LIMITED 0.01% SERIES C2 PARTLY PAID PREF 24JU40,HELLA INFRA MARKET PRIVATE  LIMITED,PREFERENCE SHARES,ACTIVE
IN906E503089,HELLA INFRA MARKET PRIVATE  LIMITED 0.01% SERIES C1 PARTLY PAID PREF 27JU40,HELLA INFRA MARKET PRIVATE  LIMITED,PREFERENCE SHARES,ACTIVE
IN906E503097,HELLA INFRA MARKET PRIVATE  LIMITED 0.01% SERIES D1 PARTLY PAID PREF 22NV40,HELLA INFRA MARKET PRIVATE  LIMITED,PREFERENCE SHARES,ACTIVE
IN906E503105,HELLA INFRA MARKET PRIVATE  LIMITED 0.01% SERIES D2 PARTLY PAID PREF 08DC41,HELLA INFRA MARKET PRIVATE  LIMITED,PREFERENCE SHARES,ACTIVE
IN906E503113,HELLA INFRA MARKET PRIVATE  LIMITED 0.01% SERIES D3 PARTLY PAID PREF 16DC41,HELLA INFRA MARKET PRIVATE  LIMITED,PREFERENCE SHARES,ACTIVE
IN906E503121,HELLA INFRA MARKET PRIVATE  LIMITED 0.01% SERIES D4 PARTLY PAID PREF 04JN41,HELLA INFRA MARKET PRIVATE  LIMITED,PREFERENCE SHARES,ACTIVE
IN906LL01019,FORERUNNER CAPITAL INVESTMENTS LIMITED EQ PP RE 5,FORERUNNER CAPITAL INVESTMENTS LIMITED,EQUITY SHARES,ACTIVE
IN906S801016,SVAKARMA FINANCE PRIVATE LIMITED EQ PP RE 1,SVAKARMA FINANCE PRIVATE LIMITED,EQUITY SHARES,ACTIVE
IN906WG01016,SYNBIOTICS LIMITED EQ PP RS.100/-,SYNBIOTICS LIMITED,EQUITY SHARES,ACTIVE
IN9070701010,MANASH LIFESTYLE PRIVATE LIMITED EQ PP RS. 5/-,MANASH LIFESTYLE PRIVATE LIMITED,EQUITY SHARES,ACTIVE
IN9070703016,MANASH LIFESTYLE PRIVATE LIMITED 0.001% SERIES E PARTLY PAID PREF 11AP30,MANASH LIFESTYLE PRIVATE LIMITED,PREFERENCE SHARES,ACTIVE
IN9071I01030,INDOFIL INDUSTRIES LIMITED EQ PP RS. 3/-,INDOFIL INDUSTRIES LIMITED,EQUITY SHARES,ACTIVE
IN9074601018,METAMORPHOSIS ENGITECH INDIA PRIVATE LIMITED EQ PP RE. 0.1/-,METAMORPHOSIS ENGITECH INDIA PRIVATE LIMITED,EQUITY SHARES,ACTIVE
IN9074601026,METAMORPHOSIS ENGITECH INDIA PRIVATE LIMITED EQ PP RE.1/-,METAMORPHOSIS ENGITECH INDIA PRIVATE LIMITED,EQUITY SHARES,ACTIVE
IN9074601034,METAMORPHOSIS ENGITECH INDIA PRIVATE LIMITED EQ PP RS 2.5/-,METAMORPHOSIS ENGITECH INDIA PRIVATE LIMITED,EQUITY SHARES,ACTIVE
IN9078A01032,EMCO LIMITED PP RS 7/- 250300,EMCO LIMITED,EQUITY SHARES,ACTIVE
IN9078I01019,ARCHIT ORGANOSYS LIMITED EQ PP RS. 5/-,ARCHIT ORGANOSYS LIMITED,EQUITY SHARES,DELETED
IN907CE01011,STERLITE INVESTMENT MANAGERS LIMITED EQ PP RE 0.25/-,INDIGRID INVESTMENT MANAGERS LIMITED,EQUITY SHARES,DELETED
IN907J803012,BEWAKOOF BRANDS PRIVATE LIMITED 0.001% SERIES A3 PARTLY PAID PREF 05OT41,BEWAKOOF BRANDS PRIVATE LIMITED,PREFERENCE SHARES,ACTIVE
IN907UF01010,HIRANANDANI FINANCIAL SERVICES PRIVATE LIMITED EQ CLASS B PP RE.1/-,HIRANANDANI FINANCIAL SERVICES PRIVATE LIMITED,EQUITY SHARES,ACTIVE
IN907VO01010,NARMADA CLEAN TECH EQ PP RS 2/-,NARMADA CLEAN TECH,EQUITY SHARES,ACTIVE
IN907VO01028,NARMADA CLEAN TECH EQ PP RS 2.10/-,NARMADA CLEAN TECH,EQUITY SHARES,ACTIVE
IN9080P01010,NITCO PAINTS PRIVATE LIMITED EQ NEW PP RS. 10/-,NITCO PAINTS PRIVATE LIMITED,EQUITY SHARES,ACTIVE
IN9081A01010,TATA STEEL LIMITED EQ PP RS. 2.504/-,TATA STEEL LIMITED,EQUITY SHARES,SUSPENDED
IN9081W01014,UNIPHORE SOFTWARE SYSTEMS PRIVATE LIMITED EQ PP RE.1/-,UNIPHORE SOFTWARE SYSTEMS PRIVATE LIMITED,EQUITY SHARES,ACTIVE
IN9082A01018,KOPRAN LIMITED PP RS 5/- 190702,KOPRAN LIMITED,EQUITY SHARES,ACTIVE
IN9087A01017,KESORAM INDUSTRIES LIMITED EQ PP RS. 5/-,KESORAM INDUSTRIES LIMITED,EQUITY SHARES,SUSPENDED
IN9088U01013,J. K. COTTON LIMITED EQ PP FV RS.9/-,J. K. COTTON LIMITED,EQUITY SHARES,DELETED
IN908CX01019,SCJS LAND &amp; FINANCE LIMITED EQ PP RE 1,SCJS LAND &amp; FINANCE LIMITED,EQUITY SHARES,DELETED
IN908DH01010,CAPITAL LIGHTING AND ELECTRONIC PRODUCTS LIMITED EQ PP RS 2.5,CAPITAL LIGHTING AND ELECTRONIC PRODUCTS LIMITED,EQUITY SHARES,ACTIVE
IN908HB01014,QUATRRO BUSINESS SUPPORT SOLUTIONS PRIVATE LIMITED EQ PP RE 0.10/-,QUATRRO BUSINESS SUPPORT SOLUTIONS PRIVATE LIMITED,EQUITY SHARES,ACTIVE
IN908KM01015,PLUG2FIELD SOLUTIONS PRIVATE LIMITED EQ PP RS 6,PLUG2FIELD SOLUTIONS PRIVATE LIMITED,EQUITY SHARES,ACTIVE
IN908KM01023,PLUG2FIELD SOLUTIONS PRIVATE LIMITED EQ PP RS 0.50/-,PLUG2FIELD SOLUTIONS PRIVATE LIMITED,EQUITY SHARES,ACTIVE
IN908M801010,SHUDH EDIBLE PRODUCTS LIMITED EQ PP RS.2/-,SHUDH EDIBLE PRODUCTS LIMITED,EQUITY SHARES,DELETED
IN908MP03010,VOGO AUTOMOTIVE PRIVATE LIMITED 0.001% SERIES A1 PARTY PAID PREF 11SP38,VOGO AUTOMOTIVE PRIVATE LIMITED,PREFERENCE SHARES,ACTIVE
IN908MP03028,VOGO AUTOMOTIVE PRIVATE LIMITED 0.001% SERIES B1 PARTLY PAID PREF 06JU39,VOGO AUTOMOTIVE PRIVATE LIMITED,PREFERENCE SHARES,ACTIVE
IN908O501014,MODI SPINNING AND WEAVING MILLS COMPANY LIMITED EQ PP RS 5/-,MODI SPINNING AND WEAVING MILLS COMPANY LIMITED,EQUITY SHARES,ACTIVE
IN908OO01013,PEPTECH BIOSCIENCES LIMITED EQ PP RS.2.50/-,PEPTECH BIOSCIENCES LIMITED,EQUITY SHARES,ACTIVE
IN908OO01021,PEPTECH BIOSCIENCES LIMITED EQ PP RS.5/-,PEPTECH BIOSCIENCES LIMITED,EQUITY SHARES,ACTIVE
IN908T501019,INDIAN FIBRES LIMITED EQ PP RE 1/-,INDIAN FIBRES LIMITED,EQUITY SHARES,ACTIVE
IN908UD01013,AHL HOTELS LIMITED EQ PP RS.6,AHL HOTELS LIMITED,EQUITY SHARES,ACTIVE
IN908VD03017,AMPA ORTHODONTICS PRIVATE LIMITED SERIES V-C PARTLY PAID PREF 06JN42,AMPA ORTHODONTICS PRIVATE LIMITED,PREFERENCE SHARES,ACTIVE
IN908VD03025,AMPA ORTHODONTICS PRIVATE LIMITED SERIES V-D PARTLY PAID PREF 08MR42,AMPA ORTHODONTICS PRIVATE LIMITED,PREFERENCE SHARES,ACTIVE
IN908VK01016,SHREE ELECTROMELTS LIMITED EQ PP RS.5/-,SHREE ELECTROMELTS LIMITED,EQUITY SHARES,ACTIVE
IN908WC01011,LIGHTHOUSE LEARNING PRIVATE LIMITED EQ PP RE.1/-,LIGHTHOUSE LEARNING PRIVATE LIMITED,EQUITY SHARES,ACTIVE
IN908YA01011,FRIENDLY REALITY PROJECTS LIMITED EQ PP RS.20/-,FRIENDLY REALITY PROJECTS LIMITED,EQUITY SHARES,ACTIVE
IN908YY01011,FINESSE INTERNATIONAL DESIGN PRIVATE LIMITED EQ PP RS.5/-,FINESSE INTERNATIONAL DESIGN PRIVATE LIMITED,EQUITY SHARES,DELETED
IN908YY01029,FINESSE INTERNATIONAL DESIGN PRIVATE LIMITED EQ PP RS 7.5/-,FINESSE INTERNATIONAL DESIGN PRIVATE LIMITED,EQUITY SHARES,DELETED
IN908ZG01015,DRA INDUSTRIES LIMITED EQ PP RE 1/-,DRA INDUSTRIES LIMITED,EQUITY SHARES,ACTIVE
IN9090A01011,ICICI BANK LIMITED PP RS.5/-,ICICI BANK LIMITED,EQUITY SHARES,SUSPENDED
IN9090A01029,ICICI BANK LIMITED EQ NEW PP RS.9/-,ICICI BANK LIMITED,EQUITY SHARES,SUSPENDED
IN9090A01037,ICICI BANK LIMITED EQ PP RS. 9/-,ICICI BANK LIMITED,EQUITY SHARES,SUSPENDED
IN9090A01045,ICICI BANK LIMITED EQ PP RS. 9.25/-,ICICI BANK LIMITED,EQUITY SHARES,SUSPENDED
IN9090A01052,ICICI BANK LIMITED EQ PP RS. 9.5/-,ICICI BANK LIMITED,EQUITY SHARES,SUSPENDED
IN9091G01016,JAI BALAJI INDUSTRIES LIMITED EQ PP RS.5/-,JAI BALAJI INDUSTRIES LIMITED,EQUITY SHARES,BLOCKED DUE TO ACA
IN9094B01011,ASHIKA CREDIT CAPITAL LIMITED PP PRODIV 080900,ASHIKA CREDIT CAPITAL LIMITED,EQUITY SHARES,BLOCKED DUE TO ACA
IN9094H01018,SPECTRUM POWER GENERATION LIMITED PP RS.1.71/-,SPECTRUM POWER GENERATION LIMITED,EQUITY SHARES,ACTIVE
IN9096M01013,COMMONWEALTH INCLUSIVE GROWTH SERVICES LIMITED. EQ PP RS.4.15/-,COMMONWEALTH INCLUSIVE GROWTH SERVICES LIMITED.,EQUITY SHARES,ACTIVE
IN9096S01010,SHIVAM INTERNATIONAL LIMITED EQ PP RS. 7.50/-,SHIVAM INTERNATIONAL LIMITED,EQUITY SHARES,ACTIVE
IN909E403014,PEEL-WORKS PRIVATE LIMITED 0.1% CLASSB-5 PP PREF 26NV39,PEEL-WORKS PRIVATE LIMITED,PREFERENCE SHARES,ACTIVE
IN909I203014,AYANA RENEWABLE POWER PRIVATE LIMITED 0.00006% CLASS I PARTLY PAID  PREF 31MR40,AYANA RENEWABLE POWER PRIVATE LIMITED,PREFERENCE SHARES,DELETED
IN909I203022,AYANA RENEWABLE POWER PRIVATE LIMITED 0.00005% CLASS II PARTLY PAID  PREF 31MR40,AYANA RENEWABLE POWER PRIVATE LIMITED,PREFERENCE SHARES,DELETED
IN909I203030,AYANA RENEWABLE POWER PRIVATE LIMITED 0.00004% CLASS III PARTLY PAID  PREF 31MR40,AYANA RENEWABLE POWER PRIVATE LIMITED,PREFERENCE SHARES,DELETED
IN909I203048,AYANA RENEWABLE POWER PRIVATE LIMITED 0.00003% CLASS IV PARTLY PAID  PREF 31MR40,AYANA RENEWABLE POWER PRIVATE LIMITED,PREFERENCE SHARES,DELETED
IN909I203055,AYANA RENEWABLE POWER PRIVATE LIMITED 0.00002% CLASS V PARTLY PAID  PREF 31MR40,AYANA RENEWABLE POWER PRIVATE LIMITED,PREFERENCE SHARES,DELETED
IN909I203063,AYANA RENEWABLE POWER PRIVATE LIMITED 0.00001%CLASS VI PARTLY PAID  PREF 31MR40,AYANA RENEWABLE POWER PRIVATE LIMITED,PREFERENCE SHARES,DELETED
IN909PM01012,EPIMONEY PRIVATE LIMITED EQ PP RE 0.5,EPIMONEY PRIVATE LIMITED,EQUITY SHARES,ACTIVE
IN909PM01020,EPIMONEY PRIVATE LIMITED EQ PP  RE.1.23/-,EPIMONEY PRIVATE LIMITED,EQUITY SHARES,ACTIVE
IN909S301014,VALUVANADU CAPITAL LIMITED EQ PP RS 6.25,VALUVANADU CAPITAL LIMITED,EQUITY SHARES,ACTIVE
IN909SW03011,BRIDGE FINTECH SOLUTIONS PRIVATE LIMITED 0.00001% SERIES A4 PP PREF 27MY23,BRIDGE FINTECH SOLUTIONS PRIVATE LIMITED,PREFERENCE SHARES,ACTIVE
IN909ZU01014,STOREJI PVT LTD EQ PP RE 0.5,STOREJI PVT LTD,EQUITY SHARES,ACTIVE
IN90A2403016,ORIGO COMMODITIES INDIA PRIVATE LIMITED 0.0001% PP PREF 16SP38,ORIGO COMMODITIES INDIA PRIVATE LIMITED,PREFERENCE SHARES,ACTIVE
IN90A5V01012,AMBIENT LAND HOLDINGS LIMITED EQ PP RS.5/-,AMBIENT LAND HOLDINGS LIMITED,EQUITY SHARES,ACTIVE
IN90ACA01014,HBF DIRECT LIMITED EQ PP RS.6,HBF DIRECT LIMITED,EQUITY SHARES,DELETED
IN90AWK01011,SAMARESH INVESTMENTS LIMITED EQ DVR CLASS A PP RS.2/-,SAMARESH INVESTMENTS LIMITED,EQUITY SHARES,ACTIVE
IN90B3901016,NEMI LEASING AND FINANCE LTD EQ PP RS.5,NEMI LEASING AND FINANCE LTD,EQUITY SHARES,ACTIVE
IN90B5H01010,PUNJAB DYERS ASSOCIATION EQ PP RS 5.98524/-,PUNJAB DYERS ASSOCIATION,EQUITY SHARES,ACTIVE
IN90B7E01013,GOLKONDA ENGINEERING ENTERPRISES LIMITED EQ PP RS.5,GOLKONDA ENGINEERING ENTERPRISES LIMITED,EQUITY SHARES,ACTIVE
IN90B9P03011,PROKLEAN TECHNOLOGIES PRIVATE LIMITED 0.01% SERIES C PARTLY PAID PREF 15NV26,PROKLEAN TECHNOLOGIES PRIVATE LIMITED,PREFERENCE SHARES,ACTIVE
IN90BEE01010,TORRENT GAS PRIVATE LIMITED EQ PP RS.5/-,TORRENT GAS PRIVATE LIMITED,EQUITY SHARES,ACTIVE
IN90BEE01028,TORRENT GAS PRIVATE LIMITED EQ PP RS.7.50/-,TORRENT GAS PRIVATE LIMITED,EQUITY SHARES,ACTIVE
IN90BFC01011,CAMA HOTELS LIMITED EQ PP RS.5,CAMA HOTELS LIMITED,EQUITY SHARES,ACTIVE
IN90BFG01012,VIVEK FERTILIZERS LIMITED EQ PP RS. 5/-,VIVEK FERTILIZERS LIMITED,EQUITY SHARES,ACTIVE
IN90BJA01017,AARTI STEELS LIMITED EQ PP RS. 50,AARTI STEELS LIMITED,EQUITY SHARES,ACTIVE
IN90BKI01018,MANIPAL INDUSTRIES LIMITED EQ PP RS. 6,MANIPAL INDUSTRIES LIMITED,EQUITY SHARES,ACTIVE
IN90BLN03012,TATA 1MG TECHNOLOGIES PRIVATE LIMITED 0.00001% PREF 30SP22,TATA 1MG TECHNOLOGIES PRIVATE LIMITED,PREFERENCE SHARES,ACTIVE
IN90BMI01014,ABSOLUTE SPORTS PRIVATE LIMITED EQ PP RE. 0.03/-,ABSOLUTE SPORTS PRIVATE LIMITED,EQUITY SHARES,ACTIVE
IN90BML01018,STARWIRE (INDIA) ENGINEERING LIMITED EQ PP RS.2/-,STARWIRE (INDIA) ENGINEERING LIMITED,EQUITY SHARES,ACTIVE
IN90BQT01012,CREYA LEARNING AND RESEARCH PRIVATE LIMITED EQ PP RS.8/-,CREYA LEARNING AND RESEARCH PRIVATE LIMITED,EQUITY SHARES,ACTIVE
IN90BVO03019,CUREFIT HEALTHCARE PRIVATE LIMITED 0.01% SERIES E2 PARTLY PAID PREF 11AG40,CUREFIT HEALTHCARE PRIVATE LIMITED,PREFERENCE SHARES,ACTIVE
IN90BVO03027,CUREFIT HEALTHCARE PRIVATE LIMITED 0.01% SERIES F PARTLY PAID PREF 07JN41,CUREFIT HEALTHCARE PRIVATE LIMITED,PREFERENCE SHARES,ACTIVE
IN90C0X01017,CHANDAN HOSPITAL LIMITED EQ PP 2.50/-,CHANDAN HOSPITAL LIMITED,EQUITY SHARES,DELETED
IN90C0X01025,CHANDAN HOSPITAL LIMITED EQ PP RS 4/-,CHANDAN HOSPITAL LIMITED,EQUITY SHARES,ACTIVE
IN90C4C01013,KISCO CASTINGS (INDIA) LIMITED EQ PP RS.5,KISCO CASTINGS (INDIA) LIMITED,EQUITY SHARES,ACTIVE
IN90C8V01014,MODERN DIAGEN SERVICES LIMITED EQ PP RS.2,MODERN DIAGEN SERVICES LIMITED,EQUITY SHARES,ACTIVE
IN90CAZ01011,URBANCLAP TECHNOLOGIES INDIA PRIVATE LIMITED EQ PP RE 0.50/-,URBANCLAP TECHNOLOGIES INDIA PRIVATE LIMITED,EQUITY SHARES,ACTIVE
IN90CBE01014,SANCTUM WEALTH MANAGEMENT PRIVATE LIMITED EQ PP RE.0.10,SANCTUM WEALTH MANAGEMENT PRIVATE LIMITED,EQUITY SHARES,ACTIVE
IN90CGI01014,WONDER WALLCARE PRIVATE LIMITED EQ PP RS.2.25/-,WONDER WALLCARE PRIVATE LIMITED,EQUITY SHARES,DELETED
IN90CGI01022,WONDER WALLCARE PRIVATE LIMITED EQ PP RS.4.75/-,WONDER WALLCARE PRIVATE LIMITED,EQUITY SHARES,DELETED
IN90CGI01030,WONDER WALLCARE PRIVATE LIMITED EQ PP RS.7.25/-,WONDER WALLCARE PRIVATE LIMITED,EQUITY SHARES,DELETED
IN90CGI01048,WONDER WALLCARE PRIVATE LIMITED EQ NEW PP RS. 9.75,WONDER WALLCARE PRIVATE LIMITED,EQUITY SHARES,ACTIVE
IN90CH303017,REBEL FOODS PRIVATE LIMITED 0.001% SERIES C6 PARTLY PAID PREF 30DC26,REBEL FOODS PRIVATE LIMITED,PREFERENCE SHARES,ACTIVE
IN90CH303025,REBEL FOODS PRIVATE LIMITED 0.001% SERIES D1A PARTLY PAID PREF 18AP27,REBEL FOODS PRIVATE LIMITED,PREFERENCE SHARES,ACTIVE
IN90CIM01012,KALE LOGISTICS SOLUTIONS PRIVATE LIMITED EQ PP RE 0.50/-,KALE LOGISTICS SOLUTIONS PRIVATE LIMITED,EQUITY SHARES,SUSPENDED
IN90CJA01015,SPARR ELECTRONICS LIMITED EQ PP RE.1.5/-,SPARR ELECTRONICS LIMITED,EQUITY SHARES,ACTIVE
IN90CPB01010,KALA BHAVAN STUDIOS LTD EQ PP RS.50/-,KALA BHAVAN STUDIOS LTD,EQUITY SHARES,ACTIVE
IN90CR001015,SAPCO BITUMEN COMPANY LIMITED EQ PP RS.5,SAPCO BITUMEN COMPANY LIMITED,EQUITY SHARES,ACTIVE
IN90D0M01019,DIAMOND INDIA LIMITED EQ PP RS.5,DIAMOND INDIA LIMITED,EQUITY SHARES,ACTIVE
IN90D1801016,NODWIN GAMING PRIVATE LIMITED EQ PP RE.0.10/-,NODWIN GAMING PRIVATE LIMITED,EQUITY SHARES,ACTIVE
IN90D6T01011,NAARI PHARMA PRIVATE LIMITED EQ PP RE 0.689/-,NAARI PHARMA PRIVATE LIMITED,EQUITY SHARES,ACTIVE
IN90D9E01025,URBAN LADDER HOME DECOR SOLUTIONS PRIVATE LIMITED EQ,URBAN LADDER HOME DECOR SOLUTIONS LIMITED,EQUITY SHARES,DELETED
IN90D9E03013,URBAN LADDER HOME DECOR SOLUTIONS PRIVATE LIMITED 0.01% SERIES E2 PARTLY PAID PREF 31JL37,URBAN LADDER HOME DECOR SOLUTIONS LIMITED,PREFERENCE SHARES,DELETED
IN90DJ201010,API HOLDINGS PRIVATE LIMITED EQ PP RE0.5/-,API HOLDINGS LIMITED,EQUITY SHARES,DELETED
IN90DLR03019,TOPPR TECHNOLOGIES PRIVATE LIMITED 0.01% SERIES C1 PARTLY PAID PREF 27FB27,TOPPR TECHNOLOGIES PRIVATE LIMITED,PREFERENCE SHARES,ACTIVE
IN90DNY01015,SYSKA LED LIGHTS PRIVATE LIMITED EQ SERIES I PP RE.0.5/-,SYSKA LED LIGHTS PRIVATE LIMITED,EQUITY SHARES,ACTIVE
IN90DNY01023,SYSKA LED LIGHTS PRIVATE LIMITED EQ SERIES II PP RE.0.5/-,SYSKA LED LIGHTS PRIVATE LIMITED,EQUITY SHARES,ACTIVE
IN90DT101028,HUGHES PRECISION MANUFACTURING PRIVATE LIMITED EQ PP RS.3,HUGHES PRECISION MANUFACTURING PRIVATE LIMITED,EQUITY SHARES,ACTIVE
IN90DTO03019,FINOVA CAPITAL PRIVATE LIMITED 0.0001% SERIES C-1 PARTLY PAID PREF 18FB41,FINOVA CAPITAL PRIVATE LIMITED,PREFERENCE SHARES,ACTIVE
IN90DTO03027,FINOVA CAPITAL PRIVATE LIMITED 0.0001% SERIES A-2 PARTLY PAID PREF 18FB41,FINOVA CAPITAL PRIVATE LIMITED,PREFERENCE SHARES,ACTIVE
IN90DTO03035,FINOVA CAPITAL PRIVATE LIMITED 0.0001% SERIES B PARTLY PAID PREF 24MR39,FINOVA CAPITAL PRIVATE LIMITED,PREFERENCE SHARES,ACTIVE
IN90DTO03043,FINOVA CAPITAL PRIVATE LIMITED 0.0001% SERIES C PARTLY PAID PREF 26OT40,FINOVA CAPITAL PRIVATE LIMITED,PREFERENCE SHARES,ACTIVE
IN90DTO03050,FINOVA CAPITAL PRIVATE LIMITED 0.0001% SERIES A-1 PARTLY PAID PREF 23NV38,FINOVA CAPITAL PRIVATE LIMITED,PREFERENCE SHARES,ACTIVE
IN90DZE03017,KISETSU SAISON FINANCE (INDIA) PRIVATE LIMITED PARTLY PAID PREF 08JL40,KISETSU SAISON FINANCE (INDIA) PRIVATE LIMITED,PREFERENCE SHARES,ACTIVE
IN90E3P01015,SHIVALIK SMALL FINANCE BANK LIMITED EQ PP RE.1/-,SHIVALIK SMALL FINANCE BANK LIMITED,EQUITY SHARES,ACTIVE
IN90E3P03011,SHIVALIK SMALL FINANCE BANK LIMITED 0.0001% SERIES 10 PARTLY PAID PREF 01AP25,SHIVALIK SMALL FINANCE BANK LIMITED,PREFERENCE SHARES,ACTIVE
IN90ED801012,ULTRAFRESH MODULAR SOLUTIONS LIMITED EQ PP RS.4/-,ULTRAFRESH MODULAR SOLUTIONS LIMITED,EQUITY SHARES,ACTIVE
IN90EHC01011,BAR CODE INDIA LIMITED EQ PP RE.1/-,BAR CODE INDIA LIMITED,EQUITY SHARES,ACTIVE
IN90EIM03014,ULINK AGRITECH PRIVATE LIMITED 0.001% PARTLY PAID PREF 06OT29,ULINK AGRITECH PRIVATE LIMITED,PREFERENCE SHARES,ACTIVE
IN90EIM03022,ULINK AGRITECH PRIVATE LIMITED 0.001% SERIES Z PARTLY PAID PREF 10AP42,ULINK AGRITECH PRIVATE LIMITED,PREFERENCE SHARES,ACTIVE
IN90EJ501012,GENERAL COMMERCE LIMITED EQ PP RS.5/-,GENERAL COMMERCE LIMITED,EQUITY SHARES,ACTIVE
IN90EKW01013,BINA CARBIDE &amp; CHEMICALS LIMITED EQ PP RE.1/-,BINA CARBIDE &amp; CHEMICALS LIMITED,EQUITY SHARES,ACTIVE
IN90EQV01012,RAPID ESTATES PRIVATE LIMITED EQ PP RE. 1/-,RAPID ESTATES PRIVATE LIMITED,EQUITY SHARES,DELETED
IN90F0901010,OKARA FLOUR AND GENERAL MILLS LIMITED EQ PP RS.5/-,OKARA FLOUR AND GENERAL MILLS LIMITED,EQUITY SHARES,ACTIVE
IN90F6301017,CREDAVENUE PRIVATE LIMITED EQ PP RS.0.10/-,CREDAVENUE PRIVATE LIMITED,EQUITY SHARES,ACTIVE
IN90F6303013,CREDAVENUE PRIVATE LIMITED 0.001% SERIES A PARTLY PAID PREF 28SP41,CREDAVENUE PRIVATE LIMITED,PREFERENCE SHARES,ACTIVE
IN90F6303021,CREDAVENUE PRIVATE LIMITED 0.001% PARTLY PAID PREF 15FB42,CREDAVENUE PRIVATE LIMITED,PREFERENCE SHARES,ACTIVE
IN90F9Y01013,BROOKS STERISCIENCE LIMITED EQ PP RS.4/-,BROOKS STERISCIENCE LIMITED,EQUITY SHARES,DELETED
IN90F9Y01021,BROOKS STERISCIENCE LIMITED EQ NEW PP RS.6.5/-,BROOKS STERISCIENCE LIMITED,EQUITY SHARES,ACTIVE
IN90F9Y01039,BROOKS STERISCIENCE LIMITED EQ PP RS. 7.5/-,BROOKS STERISCIENCE LIMITED,EQUITY SHARES,ACTIVE
IN90FF601013,STAR AGRIBAZAAR TECHNOLOGY PRIVATE  LIMITED EQ PP 2.50/-,STAR AGRIBAZAAR TECHNOLOGY PRIVATE  LIMITED,EQUITY SHARES,DELETED
IN90FLU01012,SONA STYLES LIMITED EQ PP RS.4/-,SONA STYLES LIMITED,EQUITY SHARES,DELETED
IN90FOO01019,BIGFOOT RETAIL SOLUTIONS PRIVATE LIMITED EQ PP RE.1/-,BIGFOOT RETAIL SOLUTIONS PRIVATE LIMITED,EQUITY SHARES,ACTIVE
IN90G1G01016,DILWARA LEASING AND INVESTMENT LIMITED EQ PP RS. PAID UP PRICE 5/-,DILWARA LEASING AND INVESTMENT LIMITED,EQUITY SHARES,ACTIVE
IN90G5F01019,INTER ADS LIMITED EQ PP RS. PAID UP PRICE 5/-,INTER ADS LIMITED,EQUITY SHARES,ACTIVE
IN90G5F01027,INTER ADS LIMITED EQ PP RS. PAID UP PRICE 2.5/-,INTER ADS LIMITED,EQUITY SHARES,ACTIVE
IN90GCB01019,ADDVERB TECHNOLOGIES PRIVATE LIMITED EQ PP RS. 9/-,ADDVERB TECHNOLOGIES PRIVATE LIMITED,EQUITY SHARES,DELETED
IN90GCB01027,ADDVERB TECHNOLOGIES PRIVATE LIMITED EQ PP RS. 9.75/-,ADDVERB TECHNOLOGIES PRIVATE LIMITED,EQUITY SHARES,ACTIVE
IN90GM603019,LEVERAGE ED-TECH PRIVATE LIMITED 0.001% SERIES A1 PARTLY PAID PREF 25MY40,LEVERAGE ED-TECH PRIVATE LIMITED,PREFERENCE SHARES,ACTIVE
IN90GM603027,LEVERAGE ED-TECH PRIVATE LIMITED 0.001% SEREIS A1 PARTLY PAID PREF 01JL40,LEVERAGE ED-TECH PRIVATE LIMITED,PREFERENCE SHARES,ACTIVE
IN90GM603035,LEVERAGE ED-TECH PRIVATE LIMITED 0.001% SEREIS A1 PARTLY PAID PREF 16NV40,LEVERAGE ED-TECH PRIVATE LIMITED,PREFERENCE SHARES,ACTIVE
IN90GWC03011,SARALOAN TECHNOLOGIES PRIVATE LIMITED 0.001% PARTLY PAID PREF 23FB41,SARALOAN TECHNOLOGIES PRIVATE LIMITED,PREFERENCE SHARES,ACTIVE
IN90GY103016,EKAM ULTRA FARMS PRIVATE LIMITED 0.001% SERIES A1 PARTLY PAID PREF 19SP41,EKAM ULTRA FARMS PRIVATE LIMITED,PREFERENCE SHARES,ACTIVE
IN90GY504015,ENOVATE LIFESTYLES PRIVATE LIMITED 0.1% PARTLY PAID PREF 20OT41,ENOVATE LIFESTYLES PRIVATE LIMITED,PREFERENCE SHARES,ACTIVE
IN90H9P03015,ARISINFRA SOLUTIONS PRIVATE LIMITED 0.0001% SERIES A2 PARTLY PAID PREF 02JU41,ARISINFRA SOLUTIONS PRIVATE LIMITED,PREFERENCE SHARES,ACTIVE
IN90HF101012,VISHWA BUSES AND COACHES LIMITED EQ PP RS. 5.5/-,VISHWA BUSES AND COACHES LIMITED,EQUITY SHARES,ACTIVE
IN90HGE01012,MAHANSARIA TYRES PRIVATE LIMITED EQ PP RS.5/-,MAHANSARIA TYRES PRIVATE LIMITED,EQUITY SHARES,ACTIVE
IN90HLB01018,BURHANI FLOORING CHAMBERS EQ PP RE. 1/-,BURHANI FLOORING CHAMBERS,EQUITY SHARES,ACTIVE
IN90HLT04014,JAGRUTI SUGAR &amp; ALLIED INDUSTRIES LIMITED 3% PARTLY PAID PREF 10OT27,JAGRUTI SUGAR &amp; ALLIED INDUSTRIES LIMITED,PREFERENCE SHARES,ACTIVE
IN90HLT04022,JAGRUTI SUGAR &amp; ALLIED INDUSTRIES LIMITED 3% PARTLY PAID PREF 23JN24,JAGRUTI SUGAR &amp; ALLIED INDUSTRIES LIMITED,PREFERENCE SHARES,ACTIVE
IN90HP001012,ALTEK BEISSEL NEEDLES LIMITED EQ PP RS. 2/-,ALTEK BEISSEL NEEDLES LIMITED,EQUITY SHARES,ACTIVE
IN90HP101010,IFB REFRIGERATION LIMITED EQ PP RS.5/-,IFB REFRIGERATION LIMITED,EQUITY SHARES,ACTIVE
IN90HPU01019,THE GREAT INDIAN LINEN AND TEXTILE INFRASTRUCTURE COMPANY PRIVATE LIMITED EQ PP RS. 4/-,THE GREAT INDIAN LINEN AND TEXTILE INFRASTRUCTURE COMPANY PRIVATE LIMITED,EQUITY SHARES,ACTIVE
IN90HSB04017,AARTAS CARE PRIVATE LIMITED 9.90% PARTLY PAID PREF 01AG41,AARTAS CARE PRIVATE LIMITED,PREFERENCE SHARES,DELETED
IN90HSB04025,AARTAS CARE PRIVATE LIMITED 9.90% PARTLY PAID RS. 8/- PREF 01AG41,AARTAS CARE PRIVATE LIMITED,PREFERENCE SHARES,DELETED
IN90HUP01019,MEGHA PROPERTY DEVELOPERS LIMITED EQ PP RS. 5/-,MEGHA PROPERTY DEVELOPERS LIMITED,EQUITY SHARES,ACTIVE
IN90HVF01018,NEPRA RESOURCE MANAGEMENT PRIVATE LIMITED EQ PP RE. 0.10/-,NEPRA RESOURCE MANAGEMENT PRIVATE LIMITED,EQUITY SHARES,ACTIVE
IN90I1B01015,PURPLE STYLE LABS PRIVATE LIMITED EQ PP RS.9/-,PURPLE STYLE LABS PRIVATE LIMITED,EQUITY SHARES,ACTIVE
IN90I2U01013,NEOLYNC SOLUTIONS PRIVATE LIMITED EQ PP RS.9.25/-,NEOLYNC SOLUTIONS PRIVATE LIMITED,EQUITY SHARES,ACTIVE
IN90I6R01010,SRIJAN TECHNOLOGIES PRIVATE LIMITED EQ PP RS. 2.5/-,SRIJAN TECHNOLOGIES PRIVATE LIMITED,EQUITY SHARES,ACTIVE
IN90I8E01014,OWM POLY YARN LIMITED EQ PP RS.3.50/-,OWM POLY YARN LIMITED,EQUITY SHARES,ACTIVE
IN90I8E01022,OWM POLY YARN LIMITED EQ PP RS .7 /-,OWM POLY YARN LIMITED,EQUITY SHARES,ACTIVE
IN90I8E04018,OWM POLY YARN LIMITED 5% PARTLY PAID PREF 01JL41,OWM POLY YARN LIMITED,PREFERENCE SHARES,ACTIVE
IN90IAU03015,GLOBALBEES BRANDS PRIVATE LIMITED 0.001% SERIES B1 PARTLY PAID PREF 19DC40,GLOBALBEES BRANDS PRIVATE LIMITED,PREFERENCE SHARES,ACTIVE
IN90IX201017,NAMDEV FINVEST PRIVATE LIMITED EQ PP RS. 2/-,NAMDEV FINVEST PRIVATE LIMITED,EQUITY SHARES,ACTIVE
IN90IXP03017,CROPIN TECHNOLOGY SOLUTIONS PRIVATE LIMITED 0.01% SERIES C2 PARTLY PAID PREF 05SP27,CROPIN TECHNOLOGY SOLUTIONS PRIVATE LIMITED,PREFERENCE SHARES,ACTIVE
IN90J2X01016,VASYERP SOLUTIONS PRIVATE LIMITED EQ PP FV RS.8.25/-,VASYERP SOLUTIONS PRIVATE LIMITED,EQUITY SHARES,DELETED
IN90J2X01024,VASYERP SOLUTIONS PRIVATE LIMITED EQ PP FV RS.8.5/-,VASYERP SOLUTIONS PRIVATE LIMITED,EQUITY SHARES,DELETED
IN90J2X01032,VASYERP SOLUTIONS PRIVATE LIMITED EQ NEW PP RS. 8.75/-,VASYERP SOLUTIONS PRIVATE LIMITED,EQUITY SHARES,DELETED
IN90J2X01040,VASYERP SOLUTIONS PRIVATE LIMITED EQ NEW PP RS.9/-,VASYERP SOLUTIONS PRIVATE LIMITED,EQUITY SHARES,ACTIVE
IN90JJ003014,IMMUNOADOPTIVE CELL THERAPY PRIVATE LIMITED 0.1% SERIES A PARTLY PAID PREF 08DC41,IMMUNOADOPTIVE CELL THERAPY PRIVATE LIMITED,PREFERENCE SHARES,ACTIVE
IN90JLI01019,BIGCAT WIRELESS PRIVATE LIMITED EQ PP RS 2.5/-,BIGCAT WIRELESS PRIVATE LIMITED,EQUITY SHARES,DELETED
IN90JLI01027,BIGCAT WIRELESS PRIVATE LIMITED EQ PP RS 3.50/-,BIGCAT WIRELESS PRIVATE LIMITED,EQUITY SHARES,ACTIVE
IN90JOU03014,DTWELVE SPACES PRIVATE LIMITED 0.001% SERIES A1 PARTLY PAID PREF 29MR39,DTWELVE SPACES PRIVATE LIMITED,PREFERENCE SHARES,ACTIVE
IN90JOU03022,DTWELVE SPACES PRIVATE LIMITED 0.001% SERIES A2 PARTLY PAID PREF 07MY39,DTWELVE SPACES PRIVATE LIMITED,PREFERENCE SHARES,ACTIVE
IN90JOU03030,DTWELVE SPACES PRIVATE LIMITED SERIES C1 PREF 16NV39,DTWELVE SPACES PRIVATE LIMITED,PREFERENCE SHARES,ACTIVE
IN90JOU03048,DTWELVE SPACES PRIVATE LIMITED SERIES C2 PARTLY PAID PREF 06FB40,DTWELVE SPACES PRIVATE LIMITED,PREFERENCE SHARES,ACTIVE
IN90JOU03055,DTWELVE SPACES PRIVATE LIMITED SERIES C3 PARTLY PAID PREF 29OT40,DTWELVE SPACES PRIVATE LIMITED,PREFERENCE SHARES,ACTIVE
IN90JOU03063,DTWELVE SPACES PRIVATE LIMITED SERIES D1 PARTLY PAID PREF 30SP41,DTWELVE SPACES PRIVATE LIMITED,PREFERENCE SHARES,ACTIVE
IN90JOU03071,DTWELVE SPACES PRIVATE LIMITED SERIES D2 PARTLY PAID PREF 30SP41,DTWELVE SPACES PRIVATE LIMITED,PREFERENCE SHARES,ACTIVE
IN90JQZ01012,HAAAS CORPORATION PRIVATE LIMITED EQ PP RS. 5/-,HAAAS CORPORATION PRIVATE LIMITED,EQUITY SHARES,ACTIVE
IN90JUC03019,LOADSHARE NETWORKS PRIVATE LIMITED 0.01% SERIES A1 PARTLY PAID PREF 04OT38,LOADSHARE NETWORKS PRIVATE LIMITED,PREFERENCE SHARES,ACTIVE
IN90JUC03027,LOADSHARE NETWORKS PRIVATE LIMITED 0.1% SERIES B5 PARTLY PAID PREF 17MR41,LOADSHARE NETWORKS PRIVATE LIMITED,PREFERENCE SHARES,ACTIVE
IN90JUC03035,LOADSHARE NETWORKS PRIVATE LIMITED 0.1% SERIES B6 PARTLY PAID PREF 15DC41,LOADSHARE NETWORKS PRIVATE LIMITED,PREFERENCE SHARES,ACTIVE
IN90JUO03014,ZYWIE VENTURES PRIVATE LIMITED 0.001% SERIES C PARTLY PAID PREF 10JN42,ZYWIE VENTURES PRIVATE LIMITED,PREFERENCE SHARES,ACTIVE
IN90K1O01014,BETTERPLACE SAFETY SOLUTIONS PRIVATE LIMITED EQ PP RS. 1/-,BETTERPLACE SAFETY SOLUTIONS PRIVATE LIMITED,EQUITY SHARES,ACTIVE
IN90K2Q01017,SEEDS FINCAP PRIVATE LIMITED EQ PP RE.1/-,SEEDS FINCAP PRIVATE LIMITED,EQUITY SHARES,ACTIVE
IN90K6I01015,SAKETH SEVEN STAR INDUSTRIES LIMITED EQ PP RS. 1.5/-,SAKETH SEVEN STAR INDUSTRIES LIMITED,EQUITY SHARES,ACTIVE
IN90KAB01015,3RDFLIX VISUAL EFFECTS PRIVATE LIMITED EQ PP RS. 4/-,3RDFLIX VISUAL EFFECTS PRIVATE LIMITED,EQUITY SHARES,ACTIVE
IN90KQG01010,SUN BEAM HIGH TECH DEVELOPERS PRIVATE LIMITED EQ PP RS. 5/-,SUN BEAM HIGH TECH DEVELOPERS PRIVATE LIMITED,EQUITY SHARES,DELETED
IN90L9B03019,FLEETX TECHNOLOGIES PRIVATE LIMITED 0.01% SERIES A4 PARTLY PAID PREF 17NV40,FLEETX TECHNOLOGIES PRIVATE LIMITED,PREFERENCE SHARES,ACTIVE
IN9103Q01018,ASSOCIATED BROADCASTING COMPANY PRIVATE LTD. EQ PP RS. 1/-,ASSOCIATED BROADCASTING COMPANY PRIVATE LTD.,EQUITY SHARES,SUSPENDED
IN9104B01018,FORE C SOFTWARE LIMITED PP PRODIV 150400,FORE C SOFTWARE LIMITED,EQUITY SHARES,ACTIVE
IN9106J01016,OZONE PROPEX PRIVATE LIMITED EQ PP RS. 6.60,OZONE PROPEX PRIVATE LIMITED,EQUITY SHARES,ACTIVE
IN9110D01011,GUJARAT NRE COKE LIMITED CLASS B EQ NEW NPP RS.10/-,GUJARAT NRE COKE LIMITED,EQUITY SHARES,ACTIVE
IN9116D01018,B A G FILMS AND MEDIA LIMITED PP RE.1/-,B A G FILMS AND MEDIA LIMITED,EQUITY SHARES,ACTIVE
IN9117B01010,CURA TECHNOLOGIES LIMITED PP PRODIV 200400,CURA TECHNOLOGIES LIMITED,EQUITY SHARES,ACTIVE
IN9123P01018,MANTRI CORNERSTONE HOLDING PRIVATE LIMITED EQ PP RS. 60/-,MANTRI CORNERSTONE HOLDING PRIVATE LIMITED,EQUITY SHARES,ACTIVE
IN9124N01011,SK FINANCE LIMITED EQ PP RS. 1.75/-,SK FINANCE LIMITED,EQUITY SHARES,ACTIVE
IN9125B01013,NAGPUR FOUNDRIES LIMITED PP PRODIV 060500,NAGPUR FOUNDRIES LIMITED,EQUITY SHARES,ACTIVE
IN9126I01016,PAN INDIA MOTORS PRIVATE LIMITED EQ CLASS A PP RS. 10/-,PAN INDIA MOTORS PRIVATE LIMITED,EQUITY SHARES,ACTIVE
IN9126I01024,PAN INDIA MOTORS PRIVATE LIMITED EQ CLASS B PP RS.1/-,PAN INDIA MOTORS PRIVATE LIMITED,EQUITY SHARES,ACTIVE
IN9126I01032,PAN INDIA MOTORS PRIVATE LIMITED EQ PP RS.2.5/-,PAN INDIA MOTORS PRIVATE LIMITED,EQUITY SHARES,ACTIVE
IN9126I01040,PAN INDIA MOTORS PRIVATE LIMITED PP RS.5/-,PAN INDIA MOTORS PRIVATE LIMITED,EQUITY SHARES,ACTIVE
IN9126I01057,PAN INDIA MOTORS PRIVATE LIMITED PP RS.7.50/-,PAN INDIA MOTORS PRIVATE LIMITED,EQUITY SHARES,ACTIVE
IN9128S01011,FIVE-STAR BUSINESS FINANCE LIMITED EQ  PP RE.1,FIVE-STAR BUSINESS FINANCE LIMITED,EQUITY SHARES,DELETED
IN9128S01029,FIVE-STAR BUSINESS FINANCE LIMITED EQ NEW PP RE.1/-,FIVE-STAR BUSINESS FINANCE LIMITED,EQUITY SHARES,DELETED
IN9129H01020,BINANI METALS LIMITED EQ PP RS. 500/-,BINANI METALS LIMITED,EQUITY SHARES,BLOCKED DUE TO ACA
IN9135W01018,UNIVERSAL SPORTSBIZ PRIVATE LIMITED EQ PP RE.0.50/-,UNIVERSAL SPORTSBIZ PRIVATE LIMITED,EQUITY SHARES,ACTIVE
IN9135W03014,UNIVERSAL SPORTSBIZ PRIVATE LIMITED 0.01% SERIES D1 PP PREF 18MR38,UNIVERSAL SPORTSBIZ PRIVATE LIMITED,PREFERENCE SHARES,ACTIVE
IN9135W03022,UNIVERSAL SPORTSBIZ PRIVATE LIMITED 0.01% SERIES EI PP PREF 10JL38,UNIVERSAL SPORTSBIZ PRIVATE LIMITED,PREFERENCE SHARES,ACTIVE
IN9135W03030,UNIVERSAL SPORTSBIZ PRIVATE LIMITED 0.01% SERIES F1 PP PREF 15JU40,UNIVERSAL SPORTSBIZ PRIVATE LIMITED,PREFERENCE SHARES,ACTIVE
IN9137B01018,INTERTEC TECHNOLOGIES LIMITED PP PRODIV 270400,INTERTEC TECHNOLOGIES LIMITED,EQUITY SHARES,ACTIVE
IN9139R01010,FUSION MICROFINANCE PRIVATE LIMITED EQ PP RE. 1/-,FUSION MICRO FINANCE LIMITED,EQUITY SHARES,DELETED
IN9140B01012,RCI INDUSTRIES AND TECHNOLOGIES LTD EQ PRODIV 050499,RCI INDUSTRIES AND TECHNOLOGIES LTD,EQUITY SHARES,ACTIVE
IN9140B01020,RCI INDUSTRIES AND TECHNOLOGIES LTD EQ PRODIV 170699,RCI INDUSTRIES AND TECHNOLOGIES LTD,EQUITY SHARES,ACTIVE
IN9140B01038,RCI INDUSTRIES AND TECHNOLOGIES LTD EQ PRODIV 311299,RCI INDUSTRIES AND TECHNOLOGIES LTD,EQUITY SHARES,ACTIVE
IN9147X01011,GOOD HOST SPACES PRIVATE LIMITED EQ PP RE.0.01/-,GOOD HOST SPACES PRIVATE LIMITED,EQUITY SHARES,ACTIVE
IN9148G01014,ASSET RECONSTRUCTION COMPANY (INDIA) LIMITED EQ PRO DIV 02062008,ASSET RECONSTRUCTION COMPANY (INDIA) LIMITED,EQUITY SHARES,ACTIVE
IN9148G01022,ASSET RECONSTRUCTION COMPANY (INDIA) LIMITED EQ PRO DIV 05122008,ASSET RECONSTRUCTION COMPANY (INDIA) LIMITED,EQUITY SHARES,ACTIVE
IN9148O01018,DELHIVERY PRIVATE LIMITED EQ PP RE.1/-,DELHIVERY LIMITED,EQUITY SHARES,DELETED
IN9148O03014,DELHIVERY PRIVATE LIMITED 0.001% SERIES G PARTLY PAID  PREF 09MR24,DELHIVERY LIMITED,PREFERENCE SHARES,DELETED
IN9149B01013,ARCHANA SOFTWARE LIMITED PP PRODIV 050500,ARCHANA SOFTWARE LIMITED,EQUITY SHARES,ACTIVE
IN9150A01013,USHA ISPAT EQ PRODIV 250100,USHA ISPAT LIMITED,EQUITY SHARES,BLOCKED DUE TO ACA
IN9150G01010,LUX INDUSTRIES LIMITED PP RS.5/- 131003,LUX INDUSTRIES LIMITED,EQUITY SHARES,BLOCKED DUE TO ACA
IN9155A01020,TATA MOTORS LIMITED EQ NEW NPP FV RS.2/- CLASS A,TATA MOTORS LIMITED,EQUITY SHARES,ACTIVE
IN9158C01012,CITY ONLINE SER PP PRODIV 220901,CITY ONLINE SERVICES LIMITED,EQUITY SHARES,BLOCKED DUE TO ACA
IN9158C01020,CITY ONLINE SERVICES LIMITED PP RS 5/- 220901,CITY ONLINE SERVICES LIMITED,EQUITY SHARES,ACTIVE
IN9161L01017,VIKAS LIFECARE LIMITED EQ PP RE. 0.40/-,VIKAS LIFECARE LIMITED,EQUITY SHARES,SUSPENDED
IN9163C01012,ESSEMM INFORMATION SYSTEMS LIMITED PP PRODIV 061100,ESSEMM INFORMATION SYSTEMS LIMITED,EQUITY SHARES,ACTIVE
IN9167U01015,JAYPORE E-COMMERCE PRIVATE LIMITED EQ PP RE. 1/-,JAYPORE E-COMMERCE PRIVATE LIMITED,EQUITY SHARES,DELETED
IN9167U01023,JAYPORE E-COMMERCE PRIVATE LIMITED EQ PP RS. 7.5/-,JAYPORE E-COMMERCE PRIVATE LIMITED,EQUITY SHARES,DELETED
IN9172G01014,LAVASA CORPORATION LIMITED EQ PP RS.5/-,LAVASA CORPORATION LIMITED,EQUITY SHARES,ACTIVE
IN9173B01021,KANIKA INFRASTRUCTURE &amp; POWER LTD EQ PP RS.1/-,KANIKA INFRASTRUCTURE &amp; POWER LTD,EQUITY SHARES,ACTIVE
IN9175A01010,JAIN IRRIGATION SYSTEMS LIMITED EQ NEW NPP RS.2/-,JAIN IRRIGATION SYSTEMS LIMITED,EQUITY SHARES,ACTIVE
IN9181G01015,AJR INFRA AND TOLLING LIMITED EQ NEW PP RE.2.50/-,AJR INFRA AND TOLLING LIMITED,EQUITY SHARES,SUSPENDED
IN9182R01010,SATYUG GOLD PRIVATE LIMITED EQ PP RS. 5/-,SATYUG GOLD PRIVATE LIMITED,EQUITY SHARES,ACTIVE
IN9184M01017,DECIMUS FINANCIAL LIMITED PP RE.1/-,DECIMUS FINANCIAL LIMITED,EQUITY SHARES,ACTIVE
IN9184M01025,DECIMUS FINANCIAL LIMITED PP RE. 0.01/-,DECIMUS FINANCIAL LIMITED,EQUITY SHARES,ACTIVE
IN9189S01013,UNITED SPECIAL ISPAT LIMITED EQ PP RS. 5/-,UNITED SPECIAL ISPAT LIMITED,EQUITY SHARES,ACTIVE
IN9195W03018,HR FOOD PROCESSING PRIVATE LIMITED 0.0001% CLASS Y PP PREF 26JU29,HR FOOD PROCESSING PRIVATE LIMITED,PREFERENCE SHARES,ACTIVE
IN9197A01014,JYOTI STRUCTURES LIMITED PP PRODIV 211100,JYOTI STRUCTURES LIMITED,EQUITY SHARES,ACTIVE
IN9201V01010,RECEIVABLES EXCHANGE OF INDIA LIMITED EQ PP RS.5,RECEIVABLES EXCHANGE OF INDIA LIMITED,EQUITY SHARES,DELETED
IN9201V01028,RECEIVABLES EXCHANGE OF INDIA LIMITED EQ PP RE.7.5/-,RECEIVABLES EXCHANGE OF INDIA LIMITED,EQUITY SHARES,DELETED
IN9202C01018,THE SIRPUR PAPER MILLS LIMITED EQ PP RS. 4/-,THE SIRPUR PAPER MILLS LIMITED,EQUITY SHARES,BLOCKED DUE TO ACA
IN9207S01013,TRINA NRE TRANSPORTATION LIMITED EQ PP RS. 5/-,TRINA NRE TRANSPORTATION LIMITED,EQUITY SHARES,ACTIVE
IN9209P01015,SURYAKRUPA CONSTRUCTIONS PRIVATE LIMITED EQ PP RS. 9.250/-,SURYAKRUPA CONSTRUCTIONS PRIVATE LIMITED,EQUITY SHARES,DELETED
IN9210D01019,SHREE VINDHYA PAPER MILLS LIMITED EQ PP RS.2.50/-,SHREE VINDHYA PAPER MILLS LIMITED,EQUITY SHARES,DELETED
IN9210D01027,SHREE VINDHYA PAPER MILLS LIMITED EQ PP RS.6.5/-,SHREE VINDHYA PAPER MILLS LIMITED,EQUITY SHARES,ACTIVE
IN9213P01017,TRANSGLOBE FOODS LIMITED EQ PP RS. 5/-,TRANSGLOBE FOODS LIMITED,EQUITY SHARES,ACTIVE
IN9215B01012,CYBERMATE INFOTEK LIMITED PP RS.2.50,ORCHASP LIMITED,EQUITY SHARES,DELETED
IN9216P01010,AAVAS FINANCIERS LIMITED EQ PP RS. 2/-,AAVAS FINANCIERS LIMITED,EQUITY SHARES,DELETED
IN9216P01028,AAVAS FINANCIERS LIMITED EQ PP RS. 4/-,AAVAS FINANCIERS LIMITED,EQUITY SHARES,DELETED
IN9216P01036,AAVAS FINANCIERS LIMITED EQ PP RS. 2/-,AAVAS FINANCIERS LIMITED,EQUITY SHARES,DELETED
IN9218A01026,K-LIFESTYLE &amp; INDUSTRIES LIMITED EQ NEW PAID UP VALUE RS.0.5/-,K-LIFESTYLE &amp; INDUSTRIES LIMITED,EQUITY SHARES,ACTIVE
IN9218W01012,PCI PEST CONTROL PRIVATE LIMITED EQ PP RS. 58.57/-,PCI PEST CONTROL PRIVATE LIMITED,EQUITY SHARES,ACTIVE
IN9220K01039,HINDUJA NATIONAL POWER CORPORATION LIMITED EQ NEW FV RS.3.50/-,HINDUJA NATIONAL POWER CORPORATION LIMITED,EQUITY SHARES,DELETED
IN9220Z01011,SHARAT INDUSTRIES LIMITED EQ NEW PP RS. 2.50/-,SHARAT INDUSTRIES LIMITED,EQUITY SHARES,ACTIVE
IN9222K01019,MODEST INFRASTRUCTURE LIMITED PP RS. 2.50/-,MODEST INFRASTRUCTURE LIMITED,EQUITY SHARES,ACTIVE
IN9232I01012,SUN PHARMA ADVANCED RESEARCH COMPANY LIMITED EQ PP RE. 0.60/-,SUN PHARMA ADVANCED RESEARCH COMPANY LIMITED,EQUITY SHARES,BLOCKED DUE TO ACA
IN9232J01010,RELIGARE CAPITAL MARKETS LIMITED EQ PP RS. 10/-,RELIGARE CAPITAL MARKETS LIMITED,EQUITY SHARES,ACTIVE
IN9232O01010,J M BAXI PORTS &amp; LOGISTICS LIMITED EQ PP RS. 2.51/-,J M BAXI PORTS &amp; LOGISTICS LIMITED,EQUITY SHARES,DELETED
IN9233Y01017,DHANVANTARI NANO AYUSHADI PRIVATE LIMITED EQ PP RS. 4/-,DHANVANTARI NANO AYUSHADI PRIVATE LIMITED,EQUITY SHARES,DELETED
IN9233Y01025,DHANVANTARI NANO AYUSHADI PRIVATE LIMITED EQ PP RS. 5.50/-,DHANVANTARI NANO AYUSHADI PRIVATE LIMITED,EQUITY SHARES,DELETED
IN9233Y01033,DHANVANTARI NANO AYUSHADI PRIVATE LIMITED EQ PP RS. 7/-,DHANVANTARI NANO AYUSHADI PRIVATE LIMITED,EQUITY SHARES,DELETED
IN9235B01010,FI SOFEX LIMITED PP PRODIV 060700,FI SOFEX LIMITED,EQUITY SHARES,ACTIVE
IN9239R01018,J K INVESTORS (BOMBAY) LIMITED EQ PP RS. 10/-,J K INVESTORS (BOMBAY) LIMITED,EQUITY SHARES,DELETED
IN9243B01014,PADMALAYA TELFILMS LIMITED PP PRODIV 230600,PADMALAYA TELFILMS LIMITED,EQUITY SHARES,ACTIVE
IN9246B01017,RAMCO SYSTEMS LIMITED EQ PP RS. 5/-,RAMCO SYSTEMS LIMITED,EQUITY SHARES,SUSPENDED
IN9249B01011,SPACE COMPUTER AND SYSTEMS LIMITED PP PRODIV 230500,SPACE COMPUTER AND SYSTEMS LIMITED,EQUITY SHARES,ACTIVE
IN9253M01010,SPARK CAPITAL ADVISORS (INDIA) PVT LIMITED EQ PP RS.8/-,SPARK CAPITAL ADVISORS (INDIA) PVT LIMITED,EQUITY SHARES,ACTIVE
IN9264Q01018,ASIAN INSTITUTE OF GASTROENTEROLOGY PVT. LTD. EQ PP RS.2.40/-,ASIAN INSTITUTE OF GASTROENTEROLOGY PVT. LTD.,EQUITY SHARES,ACTIVE
IN9270A01019,ALOK INDUSTRIES LIMITED EQ PP RS.5/-,ALOK INDUSTRIES LIMITED,EQUITY SHARES,BLOCKED DUE TO ACA
IN9270H01014,URBAN INFRASTRUCTURE HOLDINGS PRIVATE LIMITED EQ PP RS.4.35/-,URBAN INFRASTRUCTURE HOLDINGS PRIVATE LIMITED,EQUITY SHARES,ACTIVE
IN9270Q01015,HIM URJA PRIVATE LIMITED EQ PP RS. 8/-,HIM URJA PRIVATE LIMITED,EQUITY SHARES,ACTIVE
IN9271C01013,DLF LIMITED EQ PP RE. 1/-,DLF LIMITED,EQUITY SHARES,SUSPENDED
IN9272P01013,RPA FOODS PRIVATE LIMITED EQ PP RS. 8.5/-,RPA FOODS PRIVATE LIMITED,EQUITY SHARES,ACTIVE
IN9274G01018,DHANI SERVICES LIMITED EQ PP RE. 0.50/-,DHANI SERVICES LIMITED,EQUITY SHARES,BLOCKED DUE TO ACA
IN9274G01026,DHANI SERVICES LIMITED EQ PP RE. 0.80/-,DHANI SERVICES LIMITED,EQUITY SHARES,BLOCKED DUE TO ACA
IN9274G01034,DHANI SERVICES LIMITED EQ PP RS. 1.10/-,DHANI SERVICES LIMITED,EQUITY SHARES,ACTIVE
IN9277H01019,DRONAGIRI INFRASTRUCTURE PVT LTD EQ PP RS.2/-,DRONAGIRI INFRASTRUCTURE PVT LTD,EQUITY SHARES,ACTIVE
IN9277H01027,DRONAGIRI INFRASTRUCTURE PVT LTD EQ PP RE.1.35/-,DRONAGIRI INFRASTRUCTURE PVT LTD,EQUITY SHARES,ACTIVE
IN9282J03011,ENVIRO TECH VENTURES LIMITED 0.01% SERIES 2 PP PREF 26JL25,ENVIRO TECH VENTURES LIMITED,PREFERENCE SHARES,ACTIVE
IN9282J03029,ENVIRO TECH VENTURES LIMITED 0.01% SERIES 1 PP PREF 26JL25,ENVIRO TECH VENTURES LIMITED,PREFERENCE SHARES,ACTIVE
IN9284S01012,S.J.S. ENTERPRISES PRIVATE LIMITED EQ PP RS.2.5/-,S.J.S. ENTERPRISES  LIMITED,EQUITY SHARES,DELETED
IN9284S01020,S.J.S. ENTERPRISES PRIVATE LIMITED EQ PP RS.5/-,S.J.S. ENTERPRISES  LIMITED,EQUITY SHARES,DELETED
IN9284S01038,S.J.S. ENTERPRISES PRIVATE LIMITED EQ PP RS.7.5/-,S.J.S. ENTERPRISES  LIMITED,EQUITY SHARES,DELETED
IN9285A01017,ELGI EQUIPMENTS LIMITED PP PRODIV 020401,ELGI EQUIPMENTS LIMITED,EQUITY SHARES,ACTIVE
IN9285A01025,ELGI EQUIPMENTS LIMITED PP RS.0.10,ELGI EQUIPMENTS LIMITED,EQUITY SHARES,ACTIVE
IN9285A01033,ELGI EQUIPMENTS LIMITED EQ PP VALUE .15 PER SHARE,ELGI EQUIPMENTS LIMITED,EQUITY SHARES,DELETED
IN9286N01018,PRISMX GLOBAL VENTURES LIMITED EQ NEW PP RE.0.50/-,PRISMX GLOBAL VENTURES LIMITED,EQUITY SHARES,ACTIVE
IN9286O01016,MAHIMA STOCKS PRIVATE LIMITED EQ PP RS.5/-,MAHIMA STOCKS PRIVATE LIMITED,EQUITY SHARES,ACTIVE
IN9287S01015,FROZEN IRON AND STEEL PRIVATE LIMITED EQ PP RS. 2/-,FROZEN IRON AND STEEL PRIVATE LIMITED,EQUITY SHARES,ACTIVE
IN9298F01019,JESSOP &amp; CO. EQ PP RS.0.20/-,JESSOP &amp; COMPANY LIMITED,EQUITY SHARES,ACTIVE
IN9302R01014,HI-KLASS TRADING AND INVESTMENT LIMITED EQ PP RS. 2.50/-,HI-KLASS TRADING AND INVESTMENT LIMITED,EQUITY SHARES,ACTIVE
IN9302R01022,HI-KLASS TRADING AND INVESTMENT LIMITED EQ PP RS. 5/-,HI-KLASS TRADING AND INVESTMENT LIMITED,EQUITY SHARES,ACTIVE
IN9303K01017,KAKINADA SEZ LIMITED EQ PP RE.1,KAKINADA SEZ LIMITED,EQUITY SHARES,ACTIVE
IN9304A04010,MUKAND LIMITED 8% PP PREF 23SP39,MUKAND LIMITED,PREFERENCE SHARES,DELETED
IN9304A04028,MUKAND LIMITED 8% PP PREF 23SP39,MUKAND LIMITED,PREFERENCE SHARES,ACTIVE
IN9304W03016,BLUESTONE JEWELLERY AND LIFESTYLE PRIVATE LIMITED 0.01% SERIES E1 PARTLY PAID PREF 05JL41,BLUESTONE JEWELLERY AND LIFESTYLE PRIVATE LIMITED,PREFERENCE SHARES,ACTIVE
IN9324L01011,R.P.P. INFRA PROJECTS LIMITED EQ NEW PP RS. 6/-,R.P.P. INFRA PROJECTS LIMITED,EQUITY SHARES,SUSPENDED
IN9339U01010,WEST END HOUSING FINANCE LIMITED EQ PP RS. 5/-,WEST END HOUSING FINANCE LIMITED,EQUITY SHARES,DELETED
IN9344B01010,ZENITH GLOBAL CONSULTANTS LIMITED PP PODIV 070800,ZENITH GLOBAL CONSULTANTS LIMITED,EQUITY SHARES,ACTIVE
IN9344P01010,DARJEELING ORGANIC TEA ESTATES PRIVATE LTD. EQ PP RE.1/-,DARJEELING ORGANIC TEA ESTATES PRIVATE LTD.,EQUITY SHARES,ACTIVE
IN9344P01028,DARJEELING ORGANIC TEA ESTATES PRIVATE LTD. EQ CLASS B PP RE.1/-,DARJEELING ORGANIC TEA ESTATES PRIVATE LTD.,EQUITY SHARES,ACTIVE
IN9345B01017,CEREBRA INTEGRATED TECHNOLOGIES LTD PP PRODIV 080500,CEREBRA INTEGRATED TECHNOLOGIES LTD,EQUITY SHARES,BLOCKED DUE TO ACA
IN9348T01013,HEALTHMAP DIAGNOSTICS PRIVATE LIMITED EQ PP RS. 5/-,HEALTHMAP DIAGNOSTICS PRIVATE LIMITED,EQUITY SHARES,ACTIVE
IN9349Y01011,IDEAFORGE TECHNOLOGY PRIVATE LIMITED EQ PP RE. 1/-,IDEAFORGE TECHNOLOGY PRIVATE LIMITED,EQUITY SHARES,ACTIVE
IN9352T01015,IFFCO EBAZAR LIMITED EQ PP RS. 5/-,IFFCO EBAZAR LIMITED,EQUITY SHARES,ACTIVE
IN9353H01018,STL GLOBAL LIMITED EQ PP RS.5/-,STL GLOBAL LIMITED,EQUITY SHARES,SUSPENDED
IN9354B01019,COMMEX TECHNOLOGY LIMITED PP PRODIV 070600,COMMEX TECHNOLOGY LIMITED,EQUITY SHARES,SUSPENDED
IN9356Y01016,SAHAJANAND MEDICAL TECHNOLOGIES LIMITED EQ PP RE. 0.50/-,SAHAJANAND MEDICAL TECHNOLOGIES LIMITED,EQUITY SHARES,DELETED
IN9360U01016,AIRTEL PAYMENTS BANK LIMITED EQ PP RE.1/-,AIRTEL PAYMENTS BANK LIMITED,EQUITY SHARES,ACTIVE
IN9369B01017,OMNI AXS SOFTWARE LIMITED PP PRODIV 240500,OMNI AXS SOFTWARE LIMITED,EQUITY SHARES,ACTIVE
IN9369T04013,SILVER PEARL REALTY PRIVATE LIMITED 7% PARTLY PAID PREF 05NV40,SILVER PEARL REALTY PRIVATE LIMITED,PREFERENCE SHARES,ACTIVE
IN9374B01017,MUKTA ARTS LIMITED PP PRODIV 110800,MUKTA ARTS LIMITED,EQUITY SHARES,SUSPENDED
IN9375B01014,PRAGNYA SOFTWARE SYSTEMS LIMITED PP PRODIV 160900,PRAGNYA SOFTWARE SYSTEMS LIMITED,EQUITY SHARES,ACTIVE
IN9377S01014,HIGHCLASS IRON &amp; STEEL PRIVATE LIMITED EQ PP RS. 2/-,HIGHCLASS IRON &amp; STEEL PRIVATE LIMITED,EQUITY SHARES,ACTIVE
IN9378S01012,BHISHAM ENERGY PRIVATE LIMITED EQ PP RS. 2/-,BHISHAM ENERGY PRIVATE LIMITED,EQUITY SHARES,ACTIVE
IN9389B01015,IRMAC SERVICES INDIA LIMITED PP PRODIV 130600,IRMAC SERVICES INDIA LIMITED,EQUITY SHARES,ACTIVE
IN9390E01017,INDIAN SEAMLESS ENTERPRISES LIMITED EQ PP RS.5/-,INDIAN SEAMLESS ENTERPRISES LIMITED,EQUITY SHARES,ACTIVE
IN9395N01017,TVS SUPPLY CHAIN SOLUTIONS LIMITED EQ PP RS.2/-,TVS SUPPLY CHAIN SOLUTIONS LIMITED,EQUITY SHARES,ACTIVE
IN9397D01014,BHARTI AIRTEL LIMITED EQ PP RS. 1.25/-,BHARTI AIRTEL LIMITED,EQUITY SHARES,ACTIVE
IN9399A01024,SQL STAR INTERNATIONAL LTD. PP PRODIV 150799,SQL STAR INTERNATIONAL LTD.,EQUITY SHARES,ACTIVE
IN9399A01040,SQL STAR INTERNATIONAL LTD. PP PRODIV 250302,SQL STAR INTERNATIONAL LTD.,EQUITY SHARES,ACTIVE
IN9400B01010,VIRGO GLOBAL MEDIA LIMITED PP PRODIV 210700,VIRGO GLOBAL MEDIA LIMITED,EQUITY SHARES,ACTIVE
IN9401B01018,RESPONSE INFORMATICS LIMITED PP PRODIV 110800,RESPONSE INFORMATICS LIMITED,EQUITY SHARES,BLOCKED DUE TO ACA
IN9401V01016,GREENTHOUGHTS ENERGY PRIVATE LIMITED EQ PP RS. 2.5/-,GREENTHOUGHTS ENERGY PRIVATE LIMITED,EQUITY SHARES,ACTIVE
IN9402V01014,BANSWARA BIOMASS ENERGY PRIVATE LIMITED EQ PP RS. 2.5/-,BANSWARA BIOMASS ENERGY PRIVATE LIMITED,EQUITY SHARES,ACTIVE
IN9407I01010,RELIANCE ASSET RECONSTRUCTION COMPANY LIMITED EQ NEW PP RE 0.50/-,RELIANCE ASSET RECONSTRUCTION COMPANY LIMITED,EQUITY SHARES,ACTIVE
IN9412S01019,ORCHID RECRUITER PRIVATE LIMITED EQ PP RS. 2/-,ORCHID RECRUITER PRIVATE LIMITED,EQUITY SHARES,ACTIVE
IN9417B01022,DYNACONS SYSTEMS AND SOLUTIONS LTD. PP PRODIV 300902,DYNACONS SYSTEMS AND SOLUTIONS LTD.,EQUITY SHARES,ACTIVE
IN9419N01015,CREST STEEL AND POWER PRIVATE LIMITED EQ PP RS.2.50/-,CREST STEEL AND POWER PRIVATE LIMITED,EQUITY SHARES,ACTIVE
IN9419S01014,PACE IRON &amp; STEEL PRIVATE LIMITED EQ PP RS. 2/-,PACE IRON &amp; STEEL PRIVATE LIMITED,EQUITY SHARES,ACTIVE
IN9423Y01014,SBFC FINANCE PRIVATE LIMITED EQ PP RE 0.5,SBFC FINANCE PRIVATE LIMITED,EQUITY SHARES,ACTIVE
IN9423Y01022,SBFC FINANCE PRIVATE LIMITED EQ NEW PP RS 2.5/-,SBFC FINANCE PRIVATE LIMITED,EQUITY SHARES,ACTIVE
IN9425B01017,BRIGHTCOM GROUP LIMITED PP PRODIV 170800,BRIGHTCOM GROUP LIMITED,EQUITY SHARES,ACTIVE
IN9427B01013,TULSI CAPITAL MARKET LIMITED PP PRODIV 111100,TULSI CAPITAL MARKET LIMITED,EQUITY SHARES,DELETED
IN9427F04018,CHALET HOTELS LIMITED 0% SERIES A PREF 25MY38,CHALET HOTELS LIMITED,PREFERENCE SHARES,ACTIVE
IN9427F04026,CHALET HOTELS LIMITED 0% SERIES B PREF 25MY38,CHALET HOTELS LIMITED,PREFERENCE SHARES,DELETED
IN9427F04034,CHALET HOTELS LIMITED 0% SERIES A PP PREF 25MY38,CHALET HOTELS LIMITED,PREFERENCE SHARES,DELETED
IN9427F04042,CHALET HOTELS LIMITED 0% SERIES A PP PREF 25MY38,CHALET HOTELS LIMITED,PREFERENCE SHARES,DELETED
IN9427F04059,CHALET HOTELS LIMITED SERIES B PARTLY PAID PREF 25MY38,CHALET HOTELS LIMITED,PREFERENCE SHARES,ACTIVE
IN9427F04067,CHALET HOTELS LIMITED SERIES B PARTLY PAID PREF 25MY38,CHALET HOTELS LIMITED,PREFERENCE SHARES,ACTIVE
IN9428B01011,PVV INFRA LIMITED PP PRO DIV161000,PVV INFRA LIMITED,EQUITY SHARES,BLOCKED DUE TO ACA
IN9428V01019,NEPHROCARE HEALTH SERVICES PRIVATE LIMITED EQ PP RE.1,NEPHROCARE HEALTH SERVICES PRIVATE LIMITED,EQUITY SHARES,ACTIVE
IN9430B01017,ZR INFRA LIMITED PP PRODIV 230600,ZR INFRA LIMITED,EQUITY SHARES,ACTIVE
IN9434B01019,WEP SOLUTIONS LIMITED PP PRODIV 210900,WEP SOLUTIONS LIMITED,EQUITY SHARES,BLOCKED DUE TO ACA
IN9435B01016,DATUM TECHNOLOGYS (INDIA) LIMITED PP PRODIV 200301,DATUM TECHNOLOGYS (INDIA) LIMITED,EQUITY SHARES,ACTIVE
IN9442B01012,RAYNOLDS SOFTWARE SOLUTIONS LIMITED PP PRODIV 300900,RAYNOLDS SOFTWARE SOLUTIONS LIMITED,EQUITY SHARES,ACTIVE
IN9443B01010,TYCHE INDUSTRIES LIMITED PP PRODIV 021100,TYCHE INDUSTRIES LIMITED,EQUITY SHARES,ACTIVE
IN9446B01013,SRICO SOFTWARE INDIA LIMITED PP PRODIV 300800,SRICO SOFTWARE INDIA LIMITED,EQUITY SHARES,ACTIVE
IN9448S01013,LEXIS POWER PRIVATE LIMITED EQ PP RS. 2/-,LEXIS POWER PRIVATE LIMITED,EQUITY SHARES,ACTIVE
IN9448U01019,VERITAS FINANCE PRIVATE LIMITED EQ PP RE.1/-,VERITAS FINANCE PRIVATE LIMITED,EQUITY SHARES,ACTIVE
IN9451B01013,WEAL INFOTECH LIMITED PP PRODIV 020600,WEAL INFOTECH LIMITED,EQUITY SHARES,ACTIVE
IN9453T01011,BHARTI ENTERPRISES (HOLDING) PRIVATE LIMITED EQ PP RS. 90/- CLASS B,BHARTI ENTERPRISES (HOLDING) PRIVATE LIMITED,EQUITY SHARES,ACTIVE
IN9454P01017,TRANSRAIL LIGHTING LIMITED EQ NEW PP RS. 2.5/-,TRANSRAIL LIGHTING LIMITED,EQUITY SHARES,DELETED
IN9454P01025,TRANSRAIL LIGHTING LIMITED EQ PP RS. 5/-,TRANSRAIL LIGHTING LIMITED,EQUITY SHARES,DELETED
IN9459T01018,VASTU HOUSING FINANCE CORPORATION LIMITED EQ PP FV RS.50/-,VASTU HOUSING FINANCE CORPORATION LIMITED,EQUITY SHARES,DELETED
IN9463D01014,TULSYAN NEC LTD. PP RS.3/-,TULSYAN NEC LTD.,EQUITY SHARES,SUSPENDED
IN9463D01022,TULSYAN NEC LTD. PP RS. 6/-,TULSYAN NEC LTD.,EQUITY SHARES,SUSPENDED
IN9463S01012,GENIOUS INFRASTRUCTURE PRIVATE LIMITED EQ PP RS. 2/-,GENIOUS INFRASTRUCTURE PRIVATE LIMITED,EQUITY SHARES,ACTIVE
IN9464B01016,UNIVERSAL ARTS LIMITED PP PRODIV 091000,UNIVERSAL ARTS LIMITED,EQUITY SHARES,BLOCKED DUE TO ACA
IN9466M01018,BHUVEE STENOVATE PRIVATE LIMITED EQ PP RE. 0.50/-,BHUVEE STENOVATE PRIVATE LIMITED,EQUITY SHARES,ACTIVE
IN9466M01026,BHUVEE STENOVATE PRIVATE LIMITED EQ PP RS.8/-,BHUVEE STENOVATE PRIVATE LIMITED,EQUITY SHARES,ACTIVE
IN9468V01015,BLACKSOIL CAPITAL PRIVATE LIMITED EQ PP RS.2.4/-,BLACKSOIL CAPITAL PRIVATE LIMITED,EQUITY SHARES,ACTIVE
IN9469B01015,OSWAL MINERALS LIMITED PP PRODIV 270700,OSWAL MINERALS LIMITED,EQUITY SHARES,BLOCKED DUE TO ACA
IN9470Z01012,TORRENT GAS PUNE LIMITED EQ PP RS.2.50/-,TORRENT GAS PUNE LIMITED,EQUITY SHARES,ACTIVE
IN9471Q01019,INDIAN SCHOOL FINANCE COMPANY PRIVATE LIMITED EQ PP RS. 0.01,INDIAN SCHOOL FINANCE COMPANY PRIVATE LIMITED,EQUITY SHARES,ACTIVE
IN9473B01017,HATSUN AGRO PRODUCT LTD EQ PP RE.80/-,HATSUN AGRO PRODUCT LTD,EQUITY SHARES,BLOCKED DUE TO ACA
IN9474Q01013,GLOBAL HEALTH PRIVATE LIMITED EQ PP RS.7/- CLASS A,GLOBAL HEALTH  LIMITED,EQUITY SHARES,DELETED
IN9475H01019,RELIANCE PETROLEUM LIMITED EQ PP RS.2.50/-,RELIANCE PETROLEUM LIMITED,EQUITY SHARES,DELETED
IN9480B01012,TELE DATA INFORMATICS LTD PP PRODIV 170800,TELE DATA INFORMATICS LTD,EQUITY SHARES,ACTIVE
IN9485O01014,INDUSIND MEDIA &amp; COMMUNICATIONS LIMITED EQ PP RE. 2/-,INDUSIND MEDIA &amp; COMMUNICATIONS LIMITED,EQUITY SHARES,ACTIVE
IN9485O01022,INDUSIND MEDIA &amp; COMMUNICATIONS LIMITED EQ PP RS.4/-,INDUSIND MEDIA &amp; COMMUNICATIONS LIMITED,EQUITY SHARES,ACTIVE
IN9485O01030,INDUSIND MEDIA &amp; COMMUNICATIONS LIMITED EQ PP RS.6/-,INDUSIND MEDIA &amp; COMMUNICATIONS LIMITED,EQUITY SHARES,ACTIVE
IN9485O01048,INDUSIND MEDIA &amp; COMMUNICATIONS LIMITED EQ PP RS.8/-,INDUSIND MEDIA &amp; COMMUNICATIONS LIMITED,EQUITY SHARES,ACTIVE
IN9489F01014,VSD CONFIN LIMITED EQ PP RS.5,VSD CONFIN LIMITED,EQUITY SHARES,ACTIVE
IN9491A01011,CITY UNION BANK LIMITED PP RS.0.50/-,CITY UNION BANK LIMITED,EQUITY SHARES,SUSPENDED
IN9500A01019,DCW LIMITED PP PRODIV 050900,DCW LIMITED,EQUITY SHARES,ACTIVE
IN9502L01012,NDTV CONVERGENCE LIMITED PP RS. 7.50/-,NDTV CONVERGENCE LIMITED,EQUITY SHARES,ACTIVE
IN9512B01020,FCS SOFTWARE SOLUTIONS LIMITED EQ NEW PP RE.O.50/-,FCS SOFTWARE SOLUTIONS LIMITED,EQUITY SHARES,ACTIVE
IN9512D01018,INTELLIVATE CAPITAL VENTURES LTD PP RS.2.50/-,INTELLIVATE CAPITAL VENTURES LTD,EQUITY SHARES,ACTIVE
IN9512D01026,INTELLIVATE CAPITAL VENTURES LTD PP RS.5/-,INTELLIVATE CAPITAL VENTURES LTD,EQUITY SHARES,ACTIVE
IN9514B01018,VISION ORGANICS LIMITED PP PRODIV 041100,VISION ORGANICS LIMITED,EQUITY SHARES,ACTIVE
IN9516H01010,RICHA INDUSTRIES LIMITED EQ PP RS.5/-,RICHA INDUSTRIES LIMITED,EQUITY SHARES,SUSPENDED
IN9517C01019,IOL NETCOM LIMITED PP PRODIV 180501,IOL NETCOM LIMITED,EQUITY SHARES,ACTIVE
IN9517C01027,IOL NETCOM LIMITED PP RS.5  180501,IOL NETCOM LIMITED,EQUITY SHARES,ACTIVE
IN9517E01015,JRD FINANCE LIMITED EQ PP RS. 2.50/-,JRD FINANCE LIMITED,EQUITY SHARES,DELETED
IN9519B01017,CYBERSCAPE MULTIMEDIA LIMITED PP PRODIV 110800,CYBERSCAPE MULTIMEDIA LIMITED,EQUITY SHARES,ACTIVE
IN9529B01016,TEJASRI ENERGY LIMITED PP PRODIV 290700,TEJASRI ENERGY LIMITED,EQUITY SHARES,ACTIVE
IN9529D01012,PATEL INTEGRATED LOGISTICS LTD EQ NEW PP RS. 2.50/-,PATEL INTEGRATED LOGISTICS LTD,EQUITY SHARES,ACTIVE
IN9534B01016,VISIE CYBER TECH LIMITED PP PRODIV 161000,VISIE CYBER TECH LIMITED,EQUITY SHARES,ACTIVE
IN9539B01015,VIRINCHI LIMITED PP PRODIV 080900,VIRINCHI LIMITED,EQUITY SHARES,ACTIVE
IN9541B01011,ANCO COMMUNICATIONS LIMITED PP PRODIV 170500,ANCO COMMUNICATIONS LIMITED,EQUITY SHARES,ACTIVE
IN9542A01011,GUJARAT SIDHEE CEMENT LIMITED PP RE.1/- 161299,GUJARAT SIDHEE CEMENT LIMITED,EQUITY SHARES,ACTIVE
IN9542A01029,GUJARAT SIDHEE CEMENT LIMITED PP RS.5/- 280105,GUJARAT SIDHEE CEMENT LIMITED,EQUITY SHARES,ACTIVE
IN9542A01037,GUJARAT SIDHEE CEMENT LIMITED EQ NEW PP RS.8/-,GUJARAT SIDHEE CEMENT LIMITED,EQUITY SHARES,ACTIVE
IN9542A01045,GUJARAT SIDHEE CEMENT LIMITED EQ NEW PP RS.2.50/-,GUJARAT SIDHEE CEMENT LIMITED,EQUITY SHARES,ACTIVE
IN9546B01010,E. STAR INFOTECH LTD PP PRODIV 200301,E. STAR INFOTECH LTD,EQUITY SHARES,ACTIVE
IN9547V01016,GABA PROJECTS PRIVATE LIMITED EQ PP RS. 4.79/-,GABA PROJECTS PRIVATE LIMITED,EQUITY SHARES,ACTIVE
IN9549L01013,NDTV LABS LIMITED PP RS.7.50/-,NDTV LABS LIMITED,EQUITY SHARES,DELETED
IN9550C01010,URJA GLOBAL LIMITED EQ NEW PP RS. 0.25/-,URJA GLOBAL LIMITED,EQUITY SHARES,SUSPENDED
IN9550C01028,URJA GLOBAL LIMITED EQ NEW PP RS. 0.50/-,URJA GLOBAL LIMITED,EQUITY SHARES,SUSPENDED
IN9551K01011,ATHENA KYNSHI POWER PRIVATE LIMITED EQ PP RE. 1/-,ATHENA KYNSHI POWER PRIVATE LIMITED,EQUITY SHARES,DELETED
IN9555K01012,CARAF BUILDERS &amp; CONSTRUCTIONS PRIVATE LIMITED PP F.V. RS.3.50/-,CARAF BUILDERS &amp; CONSTRUCTIONS PRIVATE LIMITED,EQUITY SHARES,DELETED
IN9557U01017,MODULEX MODULAR BUILDINGS PRIVATE LIMITED EQ PP RE. 0.10/,MODULEX MODULAR BUILDINGS PRIVATE LIMITED,EQUITY SHARES,ACTIVE
IN9560B01011,SHAPRE INFOTECH INDIA LTD. PP PRODIV 070900,SHAPRE INFOTECH INDIA LTD.,EQUITY SHARES,ACTIVE
IN9564S01017,VIDLI RESTAURANTS LIMITED EQ PP RS.5/-,VIDLI RESTAURANTS LIMITED,EQUITY SHARES,SUSPENDED
IN9569A01030,INFORMATION TEC FV5 PRODIV210999,INFORMATION TECHNOLOGIES (INDIA) LIMITED,EQUITY SHARES,BLOCKED DUE TO ACA
IN9573K01015,RUSHIL DECOR LIMITED EQ PP RS. 2.5/-,RUSHIL DECOR LIMITED,EQUITY SHARES,SUSPENDED
IN9573K01023,RUSHIL DECOR LIMITED EQ PP RS.5/-,RUSHIL DECOR LIMITED,EQUITY SHARES,SUSPENDED
IN9575E01013,HUNGAMA DIGITAL MEDIA ENTERTAINMENT PRIVATE LIMITED EQ PP RE.0.25/-,HUNGAMA DIGITAL MEDIA ENTERTAINMENT PRIVATE LIMITED,EQUITY SHARES,ACTIVE
IN9575G01018,FRESENIUS KABI ONCOLOGY LIMITED EQ PP FV RS.0.60/-,FRESENIUS KABI ONCOLOGY LIMITED,EQUITY SHARES,DELETED
IN9592A01024,ORIENT PAPER &amp; INDUSTRIES LIMITED EQ PP RE.0.50,ORIENT PAPER &amp; INDUSTRIES LIMITED,EQUITY SHARES,BLOCKED DUE TO ACA
IN9594A01012,THE OUDH SUGAR MILLS LIMITED EQ NEW PP RS. 5/-,THE OUDH SUGAR MILLS LIMITED,EQUITY SHARES,BLOCKED DUE TO ACA
IN9594V01018,TEXEL INDUSTRIES LIMITED EQ NEW PP RS. 5/-,TEXEL INDUSTRIES LIMITED,EQUITY SHARES,DELETED
IN9605B01014,ADITYA BIRLA CHEMICALS (INDIA) LTD PP RS.5/- 070503,ADITYA BIRLA CHEMICALS (INDIA) LTD,EQUITY SHARES,ACTIVE
IN9606T01014,PERFIOS SOFTWARE SOLUTIONS PRIVATE LIMITED EQ PP RE 0.25/-,PERFIOS SOFTWARE SOLUTIONS PRIVATE LIMITED,EQUITY SHARES,ACTIVE
IN9608N01013,OMNESYS IT SOLUTIONS PRIVATE LIMITED EQ PP RS.2.50/-,OMNESYS IT SOLUTIONS PRIVATE LIMITED,EQUITY SHARES,ACTIVE
IN9614G01023,RELIANCE POWER LIMITED EQ. PP RS. 2.50/-,RELIANCE POWER LIMITED,EQUITY SHARES,SUSPENDED
IN9620B01013,OASIS INFOTECH LIMITED PP PRODIV 311000,OASIS INFOTECH LIMITED,EQUITY SHARES,ACTIVE
IN9623B01058,FUTURE ENTERPRISES LIMITED EQ NEW NPP RS.2/-,FUTURE ENTERPRISES LIMITED,EQUITY SHARES,ACTIVE
IN9625Q01010,NEW HABITAT HOUSING FINANCE &amp; DEVELOPMENT LTD EQ PP RS. 4.75/-,NEW HABITAT HOUSING FINANCE &amp; DEVELOPMENT LTD,EQUITY SHARES,DELETED
IN9625Q01028,NEW HABITAT HOUSING FINANCE &amp; DEVELOPMENT LTD EQ PP RS. 6.25/-,NEW HABITAT HOUSING FINANCE &amp; DEVELOPMENT LTD,EQUITY SHARES,DELETED
IN9625Q01036,NEW HABITAT HOUSING FINANCE &amp; DEVELOPMENT LTD EQ NEW PP RS. 7.75/,NEW HABITAT HOUSING FINANCE &amp; DEVELOPMENT LTD,EQUITY SHARES,DELETED
IN9626A01012,SAURASHTRA CEMENT LIMITED EQ PP RS. 6.95/-,SAURASHTRA CEMENT LIMITED,EQUITY SHARES,ACTIVE
IN9626A01020,SAURASHTRA CEMENT LIMITED EQ PP RS. 7.95/-,SAURASHTRA CEMENT LIMITED,EQUITY SHARES,ACTIVE
IN9626A01038,SAURASHTRA CEMENT LIMITED EQ PP RS. 5/-,SAURASHTRA CEMENT LIMITED,EQUITY SHARES,ACTIVE
IN9640B04015,HB ESTATE DEVELOPERS LIMITED 9% SERIES III TR II PP PREF 19SP34,HB ESTATE DEVELOPERS LIMITED,PREFERENCE SHARES,ACTIVE
IN9644J01016,KVK NILACHAL POWER PRIVATE LIMITED PP F.V. RS.10/-,KVK NILACHAL POWER PRIVATE LIMITED,EQUITY SHARES,ACTIVE
IN9645J01013,IDHASOFT LIMITED EQ NEW PP RE. 0.01/-,IDHASOFT LIMITED,EQUITY SHARES,ACTIVE
IN9645Q01018,QRG MEDICARE LIMITED EQ PP RS.8,QRG MEDICARE LIMITED,EQUITY SHARES,DELETED
IN9645Q01026,QRG MEDICARE LIMITED EQ PP RS.2.5/-,QRG MEDICARE LIMITED,EQUITY SHARES,DELETED
IN9645Q01034,QRG MEDICARE LIMITED EQ PP RS.5,QRG MEDICARE LIMITED,EQUITY SHARES,DELETED
IN9647O01019,ADITYA BIRLA FASHION AND RETAIL LIMITED EQ PP RS. 5/-,ADITYA BIRLA FASHION AND RETAIL LIMITED,EQUITY SHARES,SUSPENDED
IN9647O01027,ADITYA BIRLA FASHION AND RETAIL LIMITED EQ PP RS. 7.50/,ADITYA BIRLA FASHION AND RETAIL LIMITED,EQUITY SHARES,SUSPENDED
IN9647U03012,CLEAN MAX ENVIRO ENERGY SOLUTIONS PRIVATE LIMITED 0.001% SERIES K PARTLY PAID PREF 17AG41,CLEAN MAX ENVIRO ENERGY SOLUTIONS PRIVATE LIMITED,PREFERENCE SHARES,DELETED
IN9647U03020,CLEAN MAX ENVIRO ENERGY SOLUTIONS PRIVATE LIMITED 0.001% SERIES K PARTLY PAID PREF 17AG41,CLEAN MAX ENVIRO ENERGY SOLUTIONS PRIVATE LIMITED,PREFERENCE SHARES,ACTIVE
IN9650W03012,ID FRESH FOOD (INDIA) PRIVATE LIMITED 0.001% SERIES B PP PREF 24SP38,ID FRESH FOOD (INDIA) PRIVATE LIMITED,PREFERENCE SHARES,ACTIVE
IN9651J01011,JM FINANCIAL CREDIT SOLUTIONS LIMITED EQ PP RE. 2/-,JM FINANCIAL CREDIT SOLUTIONS LIMITED,EQUITY SHARES,DELETED
IN9655D01015,SHALIMAR WIRES INDUSTRIES LIMITED EQ PP RE.0.50 /-,SHALIMAR WIRES INDUSTRIES LIMITED,EQUITY SHARES,ACTIVE
IN9661B01017,CCS INFOTECH LIMITED PP PRODIV 301100,CCS INFOTECH LIMITED,EQUITY SHARES,ACTIVE
IN9675C01015,CIGNITI TECHNOLOGIES LIMITED EQ PP RS. 2.5/-,CIGNITI TECHNOLOGIES LIMITED,EQUITY SHARES,BLOCKED DUE TO ACA
IN9676U01015,ETHNICITY LIMITED EQ PP RE.1/-,ETHNICITY LIMITED,EQUITY SHARES,ACTIVE
IN9676U01023,ETHNICITY LIMITED EQ PP RS.5/-,ETHNICITY LIMITED,EQUITY SHARES,ACTIVE
IN9679A01029,THE CATHOLIC SYRIAN BANK LTD EQ PP RS. 2.5/-,CSB BANK LIMITED,EQUITY SHARES,DELETED
IN9679B01019,IQ INFOTECH LIMITED PP PRODIV 280201,IQ INFOTECH LIMITED,EQUITY SHARES,SUSPENDED
IN9683B01029,FIRSTOBJECT TECHNOLOGIES LIMITED EQ NEW PP RS. 0.5,FIRST FINTEC LIMITED,EQUITY SHARES,BLOCKED DUE TO ACA
IN9683N01024,APODIS HOTELS &amp; RESORTS LIMITED EQ PP RE 0.20/-,APODIS HOTELS &amp; RESORTS LIMITED,EQUITY SHARES,ACTIVE
IN9685T01018,EMBASSY INDUSTRIAL PARKS PRIVATE LIMITED EQ PP RS. 3/-,HORIZON INDUSTRIAL PARKS PRIVATE LIMITED,EQUITY SHARES,DELETED
IN9688C01018,SHREE BHAWANI PAPER MILLS LIMITED EQ PP RS.5/-,SHREE BHAWANI PAPER MILLS LIMITED,EQUITY SHARES,ACTIVE
IN9689G01017,ORISSA POWER CONSORTIUM LIMITED EQ PP RE.1/-,ORISSA POWER CONSORTIUM LIMITED,EQUITY SHARES,ACTIVE
IN9691B01014,MOVING PICTURE PP PRODIV 090401,MOVING PICTURE COMPANY (INDIA) LTD.,EQUITY SHARES,BLOCKED DUE TO ACA
IN9693J01013,SPICE MONEY LIMITED EQ PP RE.0.50/-,SPICE MONEY LIMITED,EQUITY SHARES,DELETED
IN9693J01021,SPICE MONEY LIMITED EQ PP RE.1/-,SPICE MONEY LIMITED,EQUITY SHARES,ACTIVE
IN9694C01016,THE LAKSHMI VILAS BANK LIMITED EQ PP FV RS.5/-,THE LAKSHMI VILAS BANK LIMITED,EQUITY SHARES,SUSPENDED
IN9694E01012,KANPUR PLASTIPACK LIMITED EQ PP RS. 5/-,KANPUR PLASTIPACK LIMITED,EQUITY SHARES,BLOCKED DUE TO ACA
IN9701C01019,AXLES INDIA LTD PP PRODIV 210301,AXLES INDIA LTD,EQUITY SHARES,ACTIVE
IN9702V01017,SQUARE DOTCOM PRIVATE LIMITED EQ PP RE.0.25,SQUARE DOTCOM PRIVATE LIMITED,EQUITY SHARES,DELETED
IN9703A01019,VIDEOCON INDUSTRIES LIMITED PP RS.5/-,VIDEOCON INDUSTRIES LIMITED,EQUITY SHARES,BLOCKED DUE TO ACA
IN9718B01015,USG TECH SOLUTIONS LIMITED PP PRODIV 201200,USG TECH SOLUTIONS LIMITED,EQUITY SHARES,BLOCKED DUE TO ACA
IN9721B01019,ESSEL SOFTWARE &amp; SERVICES LIMITED PP PRODIV 211000,ESSEL SOFTWARE &amp; SERVICES LIMITED,EQUITY SHARES,ACTIVE
IN9723Q01021,SARVEJANA HEALTHCARE PRIVATE LIMITED EQ PP RE.1/-,SARVEJANA HEALTHCARE PRIVATE LIMITED,EQUITY SHARES,ACTIVE
IN9732E01010,BENCHMARK ASSET MGMT CO. PVT. LTD. EQ PP RE. 1/-,BENCHMARK ASSET MGMT CO. PVT. LTD.,EQUITY SHARES,ACTIVE
IN9738L01012,DE CORE SCIENCE AND TECHNOLOGIES LIMITED EQ PP RE.1/-,DE CORE SCIENCE AND TECHNOLOGIES LIMITED,EQUITY SHARES,ACTIVE
IN9739B01011,FOURTH GENERATION INFORMATION SYSTEMS LIMITED PP PRODIV 011200,FOURTH GENERATION INFORMATION SYSTEMS LIMITED,EQUITY SHARES,ACTIVE
IN9750O01011,SHAREWEALTH SECURITIES LIMITED EQ PP RS 6/-,SHAREWEALTH SECURITIES LIMITED,EQUITY SHARES,ACTIVE
IN9754A01020,SUBEX LIMITED PP INACTIVE,SUBEX LIMITED,EQUITY SHARES,DELETED
IN9755Y01019,SCOPE E-KNOWLEDGE CENTER PRIVATE LIMITED EQ PP RE. 0.10/-,SCOPE E-KNOWLEDGE CENTER PRIVATE LIMITED,EQUITY SHARES,DELETED
IN9757M01010,ALPHION INDIA PRIVATE LIMITED EQ PP RS. 2/-,ALPHION INDIA PRIVATE LIMITED,EQUITY SHARES,ACTIVE
IN9758K01012,LIFESTYLE &amp; MEDIA BROADCASTING LIMITED PP RS.7.50/-,LIFESTYLE &amp; MEDIA BROADCASTING LIMITED,EQUITY SHARES,ACTIVE
IN9759T01011,KIDS CLINIC INDIA PRIVATE LIMITED EQ PP RE.1/-,KIDS CLINIC INDIA LIMITED,EQUITY SHARES,DELETED
IN9766E01018,SPENCER AND COMPANY LIMITED EQ EW PP RS. 9/-,SPENCER AND COMPANY LIMITED,EQUITY SHARES,ACTIVE
IN9766N01019,PUNE-DYNASTY PROJECTS PRIVATE LIMITED EQ PP RE.1/-,PUNE-DYNASTY PROJECTS PRIVATE LIMITED,EQUITY SHARES,ACTIVE
IN9766P01014,MAHINDRA LOGISTICS LIMITED EQ PP RS. 2,MAHINDRA LOGISTICS LIMITED,EQUITY SHARES,DELETED
IN9766P01022,MAHINDRA LOGISTICS LIMITED EQ PP RE. 1/-,MAHINDRA LOGISTICS LIMITED,EQUITY SHARES,DELETED
IN9772A01022,S. KUMARS NATIONWIDE LIMITED PP PRODIV 300699,S. KUMARS NATIONWIDE LIMITED,EQUITY SHARES,ACTIVE
IN9776C01037,GMR INFRASTRUCTURE LIMITED EQ NEW PP F.V. RE.1/-,GMR INFRASTRUCTURE LIMITED,EQUITY SHARES,ACTIVE
IN9777R01017,SNS PROPERTIES AND LEASING LIMITED EQ PP RS. 7.50/-,SNS PROPERTIES AND LEASING LIMITED,EQUITY SHARES,ACTIVE
IN9779O01010,LOHIT URJA PRIVATE LIMITED EQ NEW PP,LOHIT URJA PRIVATE LIMITED,EQUITY SHARES,ACTIVE
IN9780Z01014,AGARWAL MITTAL CONCAST PRIVATE LIMITED EQ PP RS. 8,AGARWAL MITTAL CONCAST PRIVATE LIMITED,EQUITY SHARES,ACTIVE
IN9781H19012,URBAN INFRASTRUCTURE VENTURE CAPITAL LIMITED PP CLASS A UNITS,URBAN INFRASTRUCTURE VENTURE CAPITAL LIMITED,MUTUAL FUND UNIT,ACTIVE
IN9793A01028,ACCELYA SOLUTIONS INDIA LIMITED PP PRODIV 201099,ACCELYA SOLUTIONS INDIA LIMITED,EQUITY SHARES,ACTIVE
IN9793B01018,AKSHAY FISCAL SERVICES LIMITED PP PRODIV 301000,AKSHAY FISCAL SERVICES LIMITED,EQUITY SHARES,ACTIVE
IN9793C01016,SEQUELSOFT INDIA LIMITED PP PRODIV 160401,SEQUELSOFT INDIA LIMITED,EQUITY SHARES,ACTIVE
IN9800X01015,HERO HOUSING FINANCE LIMITED EQ PP RS.6,HERO HOUSING FINANCE LIMITED,EQUITY SHARES,DELETED
IN9803B01015,LOHIA SECURITIES LIMITED PP PRODIV 061200,LOHIA SECURITIES LIMITED,EQUITY SHARES,BLOCKED DUE TO ACA
IN9806A01010,VIKAS ECOTECH LIMITED EQ PP RE.0.50/-,VIKAS ECOTECH LIMITED,EQUITY SHARES,SUSPENDED
IN9808B01014,OPTO CIRCUITS (INDIA) LIMITED PP PRODIV 041100,OPTO CIRCUITS (INDIA) LIMITED,EQUITY SHARES,ACTIVE
IN9808R01010,PARMESHWARI SILK MILLS LIMITED EQ PP RS. 5/-,PARMESHWARI SILK MILLS LIMITED,EQUITY SHARES,ACTIVE
IN9809O01015,IND-BARATH THERMAL POWER LIMITED EQ  PP RE.1,IND-BARATH THERMAL POWER LIMITED,EQUITY SHARES,ACTIVE
IN9809S01016,UNIBIC FOODS INDIA PRIVATE LIMITED EQ MGMT ORDINARY PP RE. 1/-,UNIBIC FOODS INDIA PRIVATE LIMITED,EQUITY SHARES,ACTIVE
IN9818R01019,ISHAAN INFRASTRUCTURES AND SHELTERS LIMITED EQ PP RS. 2.50/-,ISHAAN INFRASTRUCTURES AND SHELTERS LIMITED,EQUITY SHARES,ACTIVE
IN9824B01011,TATA STEEL BSL LIMITED EQ NEW PP RS.1/-,TATA STEEL BSL LIMITED,EQUITY SHARES,BLOCKED DUE TO ACA
IN9833J03011,CARNATION AUTO INDIA PRIVATE LTD 0.01 PREF PP 22OT18,CARNATION AUTO INDIA PRIVATE LTD,PREFERENCE SHARES,ACTIVE
IN9833U03018,B9 BEVERAGES PRIVATE LIMITED SERIES SUBSCRIPTION PARTLY PAID PREF 05SP41,B9 BEVERAGES PRIVATE LIMITED,PREFERENCE SHARES,ACTIVE
IN9833U03026,B9 BEVERAGES PRIVATE LIMITED SERIES SUBSCRIPTION PARTLY PAID PREF 24SP41,B9 BEVERAGES PRIVATE LIMITED,PREFERENCE SHARES,ACTIVE
IN9835U01017,NEW LIGHT APPARELS LIMITED EQ PP RS. 5/-,NEW LIGHT APPARELS LIMITED,EQUITY SHARES,ACTIVE
IN9836B01015,SATIN CREDITCARE NETWORK LIMITED EQ PP RS. 2.50/-,SATIN CREDITCARE NETWORK LIMITED,EQUITY SHARES,SUSPENDED
IN9836B01023,SATIN CREDITCARE NETWORK LIMITED EQ NEW PP RS.7.5/-,SATIN CREDITCARE NETWORK LIMITED,EQUITY SHARES,SUSPENDED
IN9836F01016,DISH TV INDIA LIMITED EQ PP RS. 0.50,DISH TV INDIA LIMITED,EQUITY SHARES,SUSPENDED
IN9836F01024,DISH TV INDIA LIMITED EQ NEW PP RE.0.75/-,DISH TV INDIA LIMITED,EQUITY SHARES,SUSPENDED
IN9837Z03018,D2C CONSULTING SERVICES PRIVATE LIMITED 0.1% SERIES D2 PARTLY PAID PREF 20JU27,D2C CONSULTING SERVICES PRIVATE LIMITED,PREFERENCE SHARES,ACTIVE
IN9843O01014,KSH DISTRIPARKS PRIVATE LIMITED EQ PP RE. 1/-,KSH DISTRIPARKS PRIVATE LIMITED,EQUITY SHARES,DELETED
IN9843O01022,KSH DISTRIPARKS PRIVATE LIMITED EQ PP RS. 5.76475/-,KSH DISTRIPARKS PRIVATE LIMITED,EQUITY SHARES,DELETED
IN9846A01016,SWARNAJYOTHI AGROTECH &amp; POWER LIMITED PP PRODIV 291100,SWARNAJYOTHI AGROTECH &amp; POWER LIMITED,EQUITY SHARES,ACTIVE
IN9852O01015,APTUS VALUE HOUSING FINANCE INDIA LIMITED EQ PP RE.1,APTUS VALUE HOUSING FINANCE INDIA LIMITED,EQUITY SHARES,DELETED
IN9856B01013,SAVEN TECHNOLOGIES LIMITED PP PRODIV 050101,SAVEN TECHNOLOGIES LIMITED,EQUITY SHARES,BLOCKED DUE TO ACA
IN9859C01015,IKF FINANCE LIMITED EQ PP RS. 2.70/-,IKF FINANCE LIMITED,EQUITY SHARES,ACTIVE
IN9860N01010,MIPCO SEAMLESS RINGS (GUJARAT) LIMITED EQ PP RS. 5/-,MIPCO SEAMLESS RINGS (GUJARAT) LIMITED,EQUITY SHARES,ACTIVE
IN9863A01045,SOFTWARE TECHNOLOGY GROUP INTERNATIONAL LIMITED PP PRODIV 070100,SOFTWARE TECHNOLOGY GROUP INTERNATIONAL LIMITED,EQUITY SHARES,ACTIVE
IN9867C01018,ASM TECHNOLOGIES LIMITED EQ NEW PP RS. 3/-,ASM TECHNOLOGIES LIMITED,EQUITY SHARES,ACTIVE
IN9870H03017,NETWORK18 MEDIA &amp; INVESTMENTS LTD. 5% PP PREF 14MY13,NETWORK18 MEDIA &amp; INVESTMENTS LTD.,PREFERENCE SHARES,BLOCKED DUE TO ACA
IN9873K01019,TEESTA URJA LIMITED PP RS.0.05/-,TEESTA URJA LIMITED,EQUITY SHARES,ACTIVE
IN9874F01025,RADAAN MEDIAWORKS (I) LIMITED PP RE.1/-,RADAAN MEDIAWORKS (I) LIMITED,EQUITY SHARES,ACTIVE
IN9874O01019,CMR-TOYOTSU ALUMINIUM INDIA PRIVATE LIMITED EQ NEW PP RS. 7.15/-,CMR-TOYOTSU ALUMINIUM INDIA PRIVATE LIMITED,EQUITY SHARES,DELETED
IN9879A01025,SHREE RAMA MULTI-TECH LIMITED PP PRODIV 240200,SHREE RAMA MULTI-TECH LIMITED,EQUITY SHARES,ACTIVE
IN9886H01017,TV18 BROADCAST LIMITED PP RS.0.5/-,TV18 BROADCAST LIMITED,EQUITY SHARES,BLOCKED DUE TO ACA
IN9887J01011,DEWAS METAL SECTIONS LIMITED PP RS.6/-,DEWAS METAL SECTIONS LIMITED,EQUITY SHARES,BLOCKED DUE TO ACA
IN9887J01029,DEWAS METAL SECTIONS LIMITED EQ NEW PP RS. 6/-,DEWAS METAL SECTIONS LIMITED,EQUITY SHARES,ACTIVE
IN9887J04015,DEWAS METAL SECTIONS LIMITED 5% PP PREF 09MR25,DEWAS METAL SECTIONS LIMITED,PREFERENCE SHARES,ACTIVE
IN9887O01011,MAXAN CORPORATION PRIVATE LIMITED EQ NEW PP RE.1,MAXAN CORPORATION PRIVATE LIMITED,EQUITY SHARES,ACTIVE
IN9889A01065,TELEVISION EIGHTEEN INDIA LIMITED PP RE.1.25/-,TELEVISION EIGHTEEN INDIA LIMITED,EQUITY SHARES,BLOCKED DUE TO ACA
IN9889A01073,TELEVISION EIGHTEEN INDIA LIMITED PP RS.3/-,TELEVISION EIGHTEEN INDIA LIMITED,EQUITY SHARES,BLOCKED DUE TO ACA
IN9890F01013,E R TEXTILES LIMITED PP RS. 9.90/-,E R TEXTILES LIMITED,EQUITY SHARES,ACTIVE
IN9890F01021,E R TEXTILES LIMITED PP RS.0.50/-,E R TEXTILES LIMITED,EQUITY SHARES,ACTIVE
IN9893J01019,MOLD-TEK PACKAGING LIMITED EQ PP RS. 1.25/-,MOLD-TEK PACKAGING LIMITED,EQUITY SHARES,SUSPENDED
IN9897Z01016,QUATRRO MORTGAGE SERVICES PRIVATE LIMITED EQ PP RE.0.10/-,QUATRRO MORTGAGE SERVICES PRIVATE LIMITED,EQUITY SHARES,ACTIVE
IN9898S01019,AURUM PROPTECH LIMITED EQ NEW PP RS. 1.25/-,AURUM PROPTECH LIMITED,EQUITY SHARES,ACTIVE
IN9901K01018,MAHINDRA INTERTRADE LIMITED EQ PP. RS. 3/-,MAHINDRA INTERTRADE LIMITED,EQUITY SHARES,ACTIVE
IN9909O01013,KASHIPUR INFRASTRUCTURE AND FREIGHT TERMINAL PRIVATE LIMITED EQ PP RS. 4/-,KASHIPUR INFRASTRUCTURE AND FREIGHT TERMINAL PRIVATE LIMITED,EQUITY SHARES,DELETED
IN9909O01021,KASHIPUR INFRASTRUCTURE AND FREIGHT TERMINAL PRIVATE LIMITED EQ PP RS. 4/-,KASHIPUR INFRASTRUCTURE AND FREIGHT TERMINAL PRIVATE LIMITED,EQUITY SHARES,DELETED
IN9909O01039,KASHIPUR INFRASTRUCTURE AND FREIGHT TERMINAL PRIVATE LIMITED EQ PP RS 6/-,KASHIPUR INFRASTRUCTURE AND FREIGHT TERMINAL PRIVATE LIMITED,EQUITY SHARES,DELETED
IN9922K01014,INDIA SHELTER FINANCE CORPORATION LIMITED PP RE.1/-,INDIA SHELTER FINANCE CORPORATION LIMITED,EQUITY SHARES,ACTIVE
IN9922K01022,INDIA SHELTER FINANCE CORPORATION LIMITED PP RS.8/-,INDIA SHELTER FINANCE CORPORATION LIMITED,EQUITY SHARES,ACTIVE
IN9923G01010,UNISON HOTELS LTD EQ PP RS.5.50/-,UNISON HOTELS LIMITED,EQUITY SHARES,DELETED
IN9924N01014,INDRA INDUSTRIES LIMITED EQ NEW PP RS.2.5/-,INDRA INDUSTRIES LIMITED,EQUITY SHARES,ACTIVE
IN9927G01011,POWERSURFER INTERACTIVE (INDIA) PRIVATE LTD EQ PP RS.4/-,POWERSURFER INTERACTIVE (INDIA) PRIVATE LTD,EQUITY SHARES,ACTIVE
IN9929W01014,TENSHI LIFE SCIENCES PRIVATE LIMITED EQ PP RE. 0.40/-,TENSHI LIFE SCIENCES PRIVATE LIMITED,EQUITY SHARES,ACTIVE
IN9929W01022,TENSHI LIFE SCIENCES PRIVATE LIMITED EQ PP RS. 6/-,TENSHI LIFE SCIENCES PRIVATE LIMITED,EQUITY SHARES,ACTIVE
IN9932B01012,IMAP TECHNOLOGIES LIMITED PP PRODIV 090501,IMAP TECHNOLOGIES LIMITED,EQUITY SHARES,ACTIVE
IN9934V01016,SHIELD HEALTH CARE PRIVATE LIMITED EQ PP RS.10/-,SHIELD HEALTH CARE PRIVATE LIMITED,EQUITY SHARES,ACTIVE
IN9935A01058,GLENMARK PHARMACEUTICALS LIMITED PP RE.1/-,GLENMARK PHARMACEUTICALS LIMITED,EQUITY SHARES,ACTIVE
IN9936B01013,NATURAL CAPSULES LIMITED EQ NEW PP RS. 2.50/-,NATURAL CAPSULES LIMITED,EQUITY SHARES,ACTIVE
IN9942H01018,MANEESH PHARMACEUTICALS LIMITED EQ NEW PP RE. 1/-,MANEESH PHARMACEUTICALS LIMITED,EQUITY SHARES,ACTIVE
IN9945P01014,WARDWIZARD INNOVATIONS &amp; MOBILITY LIMITED EQ NEW PP RE.0.50/-,WARDWIZARD INNOVATIONS &amp; MOBILITY LIMITED,EQUITY SHARES,ACTIVE
IN9953G01017,MUKESH STEELS LIMITED EQ NEW PP RS.5/-,MUKESH STEELS LIMITED,EQUITY SHARES,ACTIVE
IN9955V01011,ARVIND FASHIONS LIMITED (FORMERLY ARVIND J&amp;M LIMITED) EQ NEW PP RS.2/-,ARVIND FASHIONS LIMITED (FORMERLY ARVIND J&amp;M LIMITED),EQUITY SHARES,SUSPENDED
IN9957N01022,HERO FINCORP LIMITED EQ PP RS.3.42/-,HERO FINCORP LIMITED,EQUITY SHARES,DELETED
IN9957N01030,HERO FINCORP LIMITED EQ PP RS. 5/-,HERO FINCORP LIMITED,EQUITY SHARES,SUSPENDED
IN9957N01048,HERO FINCORP LIMITED EQ PP RS.5.60/-,HERO FINCORP LIMITED,EQUITY SHARES,DELETED
IN9965H01019,SITI NETWORKS LIMITED EQ PP RS.0.50/-,SITI NETWORKS LIMITED,EQUITY SHARES,SUSPENDED
IN9965L01011,MACK STAR MARKETING PRIVATE LIMITED PP RE. 0.01/-,MACK STAR MARKETING PRIVATE LIMITED,EQUITY SHARES,ACTIVE
IN9967B01018,SCANPOINT GEOMATICS LIMITED EQ NEW PP RE. 1/-,SCANPOINT GEOMATICS LIMITED,EQUITY SHARES,SUSPENDED
IN9971S01014,UNIGREEN GLOBAL PRIVATE LIMITED EQ PP RS. 5/-,UNIGREEN GLOBAL PRIVATE LIMITED,EQUITY SHARES,ACTIVE
IN9972X01012,VAISHALI PHARMA LIMITED EQ PP RS. 2.50/-,VAISHALI PHARMA LIMITED,EQUITY SHARES,ACTIVE
IN9973S01010,IFFCO CHHATTISGARH POWER LIMITED EQ PP RS. 7/-,IFFCO CHHATTISGARH POWER LIMITED,EQUITY SHARES,ACTIVE
IN9976I01014,TATA CAPITAL LIMITED PP RS.2/-,TATA CAPITAL LIMITED,EQUITY SHARES,ACTIVE
IN9982X01011,SATYA MICROCAPITAL LIMITED EQ PP RE.1,SATYA MICROCAPITAL LIMITED,EQUITY SHARES,ACTIVE
IN9982X01029,SATYA MICROCAPITAL LIMITED EQ PP RS.4/-,SATYA MICROCAPITAL LIMITED,EQUITY SHARES,ACTIVE
IN9985V01018,AMBIT FINVEST PRIVATE LIMITED EQ PP RE.1,AMBIT FINVEST PRIVATE LIMITED,EQUITY SHARES,SUSPENDED
